[
    {
        "video_id": "17_clip_002_0",
        "frame": "17_clip_002_0_frame_0001.jpg",
        "track_id": 0,
        "bbox": [
            184.06502409590746,
            392.316481329764,
            316.1514013117812,
            700.3486232833068
        ]
    },
    {
        "video_id": "17_clip_002_0",
        "frame": "17_clip_002_0_frame_0001.jpg",
        "track_id": 1,
        "bbox": [
            71.0935431956801,
            384.7092542937519,
            180.1853817116554,
            708.7538059710889
        ]
    },
    {
        "video_id": "17_clip_002_0",
        "frame": "17_clip_002_0_frame_0001.jpg",
        "track_id": 2,
        "bbox": [
            1163.6434368047137,
            0.10272903168416292,
            1232.16074768885,
            124.7151421656176
        ]
    },
    {
        "video_id": "17_clip_002_0",
        "frame": "17_clip_002_0_frame_0002.jpg",
        "track_id": 0,
        "bbox": [
            196.24911146130464,
            437.6566900141946,
            323.04319157336397,
            718.4495229458746
        ]
    },
    {
        "video_id": "17_clip_002_0",
        "frame": "17_clip_002_0_frame_0002.jpg",
        "track_id": 1,
        "bbox": [
            98.46135651824054,
            409.676695317149,
            201.53748072889255,
            718.577876866437
        ]
    },
    {
        "video_id": "17_clip_002_0",
        "frame": "17_clip_002_0_frame_0002.jpg",
        "track_id": 2,
        "bbox": [
            1170.0531427236754,
            0.07197702376763715,
            1228.7211201980062,
            125.12775256689508
        ]
    },
    {
        "video_id": "17_clip_002_0",
        "frame": "17_clip_002_0_frame_0003.jpg",
        "track_id": 0,
        "bbox": [
            184.68813655003638,
            461.3754477726146,
            301.85886630515444,
            718.2283962043624
        ]
    },
    {
        "video_id": "17_clip_002_0",
        "frame": "17_clip_002_0_frame_0003.jpg",
        "track_id": 1,
        "bbox": [
            82.79668642479757,
            430.1660949844148,
            198.04051864594877,
            717.8060533617195
        ]
    },
    {
        "video_id": "17_clip_002_0",
        "frame": "17_clip_002_0_frame_0003.jpg",
        "track_id": 2,
        "bbox": [
            1169.1926311093027,
            0.1864477499056747,
            1247.4677648232926,
            123.09824701535328
        ]
    },
    {
        "video_id": "17_clip_002_0",
        "frame": "17_clip_002_0_frame_0004.jpg",
        "track_id": 0,
        "bbox": [
            154.6532731347565,
            485.3694485172133,
            283.767752386705,
            718.7940784748608
        ]
    },
    {
        "video_id": "17_clip_002_0",
        "frame": "17_clip_002_0_frame_0004.jpg",
        "track_id": 1,
        "bbox": [
            63.727635629638975,
            459.94280199522166,
            168.0075134215881,
            718.7678972200088
        ]
    },
    {
        "video_id": "17_clip_002_0",
        "frame": "17_clip_002_0_frame_0004.jpg",
        "track_id": 2,
        "bbox": [
            1162.1557930363865,
            0.3107679781758961,
            1246.3501413874872,
            124.6690421747303
        ]
    },
    {
        "video_id": "17_clip_002_0",
        "frame": "17_clip_002_0_frame_0005.jpg",
        "track_id": 0,
        "bbox": [
            152.30818412060455,
            511.40684273962296,
            262.9521188656278,
            719.4096954444583
        ]
    },
    {
        "video_id": "17_clip_002_0",
        "frame": "17_clip_002_0_frame_0005.jpg",
        "track_id": 1,
        "bbox": [
            71.44268193346447,
            480.3660833622353,
            170.82300850434655,
            718.7285327717616
        ]
    },
    {
        "video_id": "17_clip_002_0",
        "frame": "17_clip_002_0_frame_0005.jpg",
        "track_id": 2,
        "bbox": [
            1173.2283292028033,
            0.1323955434005626,
            1236.5734694746889,
            125.60260561442648
        ]
    },
    {
        "video_id": "17_clip_002_0",
        "frame": "17_clip_002_0_frame_0006.jpg",
        "track_id": 0,
        "bbox": [
            174.35861635637335,
            536.1367489869679,
            316.74064411384995,
            718.9258588010825
        ]
    },
    {
        "video_id": "17_clip_002_0",
        "frame": "17_clip_002_0_frame_0006.jpg",
        "track_id": 1,
        "bbox": [
            30.166862432755934,
            500.21851154028553,
            175.93017295015215,
            718.9486187300176
        ]
    },
    {
        "video_id": "17_clip_002_0",
        "frame": "17_clip_002_0_frame_0006.jpg",
        "track_id": 2,
        "bbox": [
            1198.4970700397457,
            -0.03230029028224379,
            1273.6206720251357,
            115.98351154025272
        ]
    },
    {
        "video_id": "17_clip_002_0",
        "frame": "17_clip_002_0_frame_0007.jpg",
        "track_id": 0,
        "bbox": [
            202.87976856737117,
            563.4997850272387,
            351.1833487006563,
            718.680497908684
        ]
    },
    {
        "video_id": "17_clip_002_0",
        "frame": "17_clip_002_0_frame_0007.jpg",
        "track_id": 1,
        "bbox": [
            69.34120416673983,
            520.7100541533717,
            193.46213181321724,
            718.8909993879291
        ]
    },
    {
        "video_id": "17_clip_002_0",
        "frame": "17_clip_002_0_frame_0008.jpg",
        "track_id": 0,
        "bbox": [
            148.70004053956853,
            587.5505950666371,
            297.7162499489266,
            719.5402232954301
        ]
    },
    {
        "video_id": "17_clip_002_0",
        "frame": "17_clip_002_0_frame_0008.jpg",
        "track_id": 1,
        "bbox": [
            49.99696261804359,
            546.3493645001033,
            165.60522257412092,
            719.0542006480381
        ]
    },
    {
        "video_id": "17_clip_002_0",
        "frame": "17_clip_002_0_frame_0009.jpg",
        "track_id": 0,
        "bbox": [
            149.92046685110228,
            590.245795084635,
            277.10369757773117,
            719.5407217909561
        ]
    },
    {
        "video_id": "17_clip_002_0",
        "frame": "17_clip_002_0_frame_0009.jpg",
        "track_id": 1,
        "bbox": [
            93.39291091934888,
            563.2888022082246,
            191.8128970888215,
            719.2875581948169
        ]
    },
    {
        "video_id": "17_clip_002_0",
        "frame": "17_clip_002_0_frame_0010.jpg",
        "track_id": 0,
        "bbox": [
            172.61434145335514,
            604.2378450978842,
            297.99374124228063,
            719.7071034663891
        ]
    },
    {
        "video_id": "17_clip_002_0",
        "frame": "17_clip_002_0_frame_0010.jpg",
        "track_id": 1,
        "bbox": [
            46.40843603726309,
            561.4069328046642,
            171.33958233635968,
            719.4953391110745
        ]
    },
    {
        "video_id": "17_clip_002_0",
        "frame": "17_clip_002_0_frame_0011.jpg",
        "track_id": 0,
        "bbox": [
            163.7861067564213,
            609.8535923572036,
            284.6376432954647,
            719.7999518127009
        ]
    },
    {
        "video_id": "17_clip_002_0",
        "frame": "17_clip_002_0_frame_0011.jpg",
        "track_id": 1,
        "bbox": [
            78.38371508142234,
            573.2471981169649,
            159.23686616604527,
            719.6029795112019
        ]
    },
    {
        "video_id": "17_clip_002_0",
        "frame": "17_clip_002_0_frame_0012.jpg",
        "track_id": 0,
        "bbox": [
            188.33150927669163,
            624.9135847810841,
            309.3376502976404,
            719.9900453347054
        ]
    },
    {
        "video_id": "17_clip_002_0",
        "frame": "17_clip_002_0_frame_0012.jpg",
        "track_id": 1,
        "bbox": [
            86.19699918035269,
            578.869909809925,
            172.3890949721079,
            719.629148223666
        ]
    },
    {
        "video_id": "17_clip_002_0",
        "frame": "17_clip_002_0_frame_0013.jpg",
        "track_id": 0,
        "bbox": [
            155.73336680939985,
            627.1230986544962,
            270.52116406502245,
            719.7912155288702
        ]
    },
    {
        "video_id": "17_clip_002_0",
        "frame": "17_clip_002_0_frame_0013.jpg",
        "track_id": 1,
        "bbox": [
            71.00199581172274,
            581.2951514530218,
            164.0998760610645,
            719.6289677463028
        ]
    },
    {
        "video_id": "17_clip_002_0",
        "frame": "17_clip_002_0_frame_0014.jpg",
        "track_id": 0,
        "bbox": [
            141.33539769761222,
            625.5378958518079,
            264.0878022712493,
            719.9373509509721
        ]
    },
    {
        "video_id": "17_clip_002_0",
        "frame": "17_clip_002_0_frame_0014.jpg",
        "track_id": 1,
        "bbox": [
            55.192086651356114,
            583.0369843964392,
            151.8542591704141,
            719.6575376353154
        ]
    }
]