<?xml version="1.0" ?>
<annotations>
  <version>1.1</version>
  <meta>
    <task>
      <id>0</id>
      <name>1_clip_000</name>
      <size>15</size>
      <mode>interpolation</mode>
      <overlap>0</overlap>
      <original_size>
        <width>1280</width>
        <height>720</height>
      </original_size>
      <labels>
        <label>
          <name>person</name>
          <color>#ff0000</color>
          <attributes>
            <attribute>
              <name>walking_behavior</name>
              <mutable>true</mutable>
              <input_type>select</input_type>
              <default_value>unknown</default_value>
              <values>unknown
normal_walk
fast_walk
slow_walk
standing_still
jogging
window_shopping</values>
            </attribute>
            <attribute>
              <name>phone_usage</name>
              <mutable>true</mutable>
              <input_type>select</input_type>
              <default_value>unknown</default_value>
              <values>unknown
no_phone
talking_phone
texting
taking_photo
listening_music</values>
            </attribute>
            <attribute>
              <name>social_interaction</name>
              <mutable>true</mutable>
              <input_type>select</input_type>
              <default_value>unknown</default_value>
              <values>unknown
alone
talking_companion
group_walking
greeting_someone
asking_directions
avoiding_crowd</values>
            </attribute>
            <attribute>
              <name>carrying_items</name>
              <mutable>true</mutable>
              <input_type>select</input_type>
              <default_value>unknown</default_value>
              <values>unknown
empty_hands
shopping_bags
backpack
briefcase_bag
umbrella
food_drink
multiple_items</values>
            </attribute>
            <attribute>
              <name>street_behavior</name>
              <mutable>true</mutable>
              <input_type>select</input_type>
              <default_value>unknown</default_value>
              <values>unknown
sidewalk_walking
crossing_street
waiting_signal
looking_around
checking_map
entering_building
exiting_building</values>
            </attribute>
            <attribute>
              <name>posture_gesture</name>
              <mutable>true</mutable>
              <input_type>select</input_type>
              <default_value>unknown</default_value>
              <values>unknown
upright_normal
looking_down
looking_up
hands_in_pockets
arms_crossed
pointing_gesture
bowing_gesture</values>
            </attribute>
            <attribute>
              <name>clothing_style</name>
              <mutable>true</mutable>
              <input_type>select</input_type>
              <default_value>unknown</default_value>
              <values>unknown
business_attire
casual_wear
tourist_style
school_uniform
sports_wear
traditional_wear</values>
            </attribute>
            <attribute>
              <name>time_context</name>
              <mutable>true</mutable>
              <input_type>select</input_type>
              <default_value>unknown</default_value>
              <values>unknown
rush_hour
leisure_time
shopping_time
tourist_hours
lunch_break
evening_stroll</values>
            </attribute>
          </attributes>
        </label>
      </labels>
    </task>
  </meta>
  <track id="183" label="person">
    <box frame="0" xtl="172.6564483642578" ytl="515.4265747070312" xbr="296.9162902832031" ybr="718.5095825195312" outside="0" occluded="0" keyframe="1">
      <attribute name="walking_behavior">unknown</attribute>
      <attribute name="phone_usage">unknown</attribute>
      <attribute name="social_interaction">unknown</attribute>
      <attribute name="carrying_items">unknown</attribute>
      <attribute name="street_behavior">unknown</attribute>
      <attribute name="posture_gesture">unknown</attribute>
      <attribute name="clothing_style">unknown</attribute>
      <attribute name="time_context">unknown</attribute>
    </box>
    <box frame="1" xtl="146.3007639335147" ytl="453.1790080425168" xbr="308.3304946921148" ybr="719.5964118390044" outside="0" occluded="0" keyframe="1">
      <attribute name="walking_behavior">unknown</attribute>
      <attribute name="phone_usage">unknown</attribute>
      <attribute name="social_interaction">unknown</attribute>
      <attribute name="carrying_items">unknown</attribute>
      <attribute name="street_behavior">unknown</attribute>
      <attribute name="posture_gesture">unknown</attribute>
      <attribute name="clothing_style">unknown</attribute>
      <attribute name="time_context">unknown</attribute>
    </box>
    <box frame="2" xtl="135.64069096961492" ytl="409.99826263123924" xbr="315.32026765595214" ybr="709.5610575342657" outside="0" occluded="0" keyframe="1">
      <attribute name="walking_behavior">unknown</attribute>
      <attribute name="phone_usage">unknown</attribute>
      <attribute name="social_interaction">unknown</attribute>
      <attribute name="carrying_items">unknown</attribute>
      <attribute name="street_behavior">unknown</attribute>
      <attribute name="posture_gesture">unknown</attribute>
      <attribute name="clothing_style">unknown</attribute>
      <attribute name="time_context">unknown</attribute>
    </box>
    <box frame="3" xtl="134.60714128906363" ytl="351.7114925476601" xbr="308.8027373428304" ybr="646.741396771311" outside="0" occluded="0" keyframe="1">
      <attribute name="walking_behavior">unknown</attribute>
      <attribute name="phone_usage">unknown</attribute>
      <attribute name="social_interaction">unknown</attribute>
      <attribute name="carrying_items">unknown</attribute>
      <attribute name="street_behavior">unknown</attribute>
      <attribute name="posture_gesture">unknown</attribute>
      <attribute name="clothing_style">unknown</attribute>
      <attribute name="time_context">unknown</attribute>
    </box>
    <box frame="4" xtl="111.58108571601777" ytl="296.25496143419275" xbr="283.6748379497332" ybr="593.2418230313565" outside="0" occluded="0" keyframe="1">
      <attribute name="walking_behavior">unknown</attribute>
      <attribute name="phone_usage">unknown</attribute>
      <attribute name="social_interaction">unknown</attribute>
      <attribute name="carrying_items">unknown</attribute>
      <attribute name="street_behavior">unknown</attribute>
      <attribute name="posture_gesture">unknown</attribute>
      <attribute name="clothing_style">unknown</attribute>
      <attribute name="time_context">unknown</attribute>
    </box>
    <box frame="5" xtl="79.54197100737643" ytl="249.55359305224314" xbr="239.82252009682156" ybr="531.9876925050147" outside="0" occluded="0" keyframe="1">
      <attribute name="walking_behavior">unknown</attribute>
      <attribute name="phone_usage">unknown</attribute>
      <attribute name="social_interaction">unknown</attribute>
      <attribute name="carrying_items">unknown</attribute>
      <attribute name="street_behavior">unknown</attribute>
      <attribute name="posture_gesture">unknown</attribute>
      <attribute name="clothing_style">unknown</attribute>
      <attribute name="time_context">unknown</attribute>
    </box>
    <box frame="6" xtl="61.04393767600851" ytl="209.0491981759567" xbr="210.0865312045404" ybr="478.7887666821489" outside="0" occluded="0" keyframe="1">
      <attribute name="walking_behavior">unknown</attribute>
      <attribute name="phone_usage">unknown</attribute>
      <attribute name="social_interaction">unknown</attribute>
      <attribute name="carrying_items">unknown</attribute>
      <attribute name="street_behavior">unknown</attribute>
      <attribute name="posture_gesture">unknown</attribute>
      <attribute name="clothing_style">unknown</attribute>
      <attribute name="time_context">unknown</attribute>
    </box>
    <box frame="7" xtl="50.66117095469038" ytl="165.39443865488042" xbr="190.83774386712594" ybr="426.0847008159616" outside="0" occluded="0" keyframe="1">
      <attribute name="walking_behavior">unknown</attribute>
      <attribute name="phone_usage">unknown</attribute>
      <attribute name="social_interaction">unknown</attribute>
      <attribute name="carrying_items">unknown</attribute>
      <attribute name="street_behavior">unknown</attribute>
      <attribute name="posture_gesture">unknown</attribute>
      <attribute name="clothing_style">unknown</attribute>
      <attribute name="time_context">unknown</attribute>
    </box>
    <box frame="8" xtl="38.245963587699336" ytl="129.92908555500034" xbr="173.32170534860796" ybr="387.6987586223862" outside="0" occluded="0" keyframe="1">
      <attribute name="walking_behavior">unknown</attribute>
      <attribute name="phone_usage">unknown</attribute>
      <attribute name="social_interaction">unknown</attribute>
      <attribute name="carrying_items">unknown</attribute>
      <attribute name="street_behavior">unknown</attribute>
      <attribute name="posture_gesture">unknown</attribute>
      <attribute name="clothing_style">unknown</attribute>
      <attribute name="time_context">unknown</attribute>
    </box>
    <box frame="9" xtl="47.60294617611149" ytl="94.68920137938723" xbr="170.896061455997" ybr="334.491657252915" outside="0" occluded="0" keyframe="1">
      <attribute name="walking_behavior">unknown</attribute>
      <attribute name="phone_usage">unknown</attribute>
      <attribute name="social_interaction">unknown</attribute>
      <attribute name="carrying_items">unknown</attribute>
      <attribute name="street_behavior">unknown</attribute>
      <attribute name="posture_gesture">unknown</attribute>
      <attribute name="clothing_style">unknown</attribute>
      <attribute name="time_context">unknown</attribute>
    </box>
  </track>
  <track id="184" label="person">
    <box frame="0" xtl="975.8318481445312" ytl="108.84408569335938" xbr="1077.75634765625" ybr="230.6356201171875" outside="0" occluded="0" keyframe="1">
      <attribute name="walking_behavior">unknown</attribute>
      <attribute name="phone_usage">unknown</attribute>
      <attribute name="social_interaction">unknown</attribute>
      <attribute name="carrying_items">unknown</attribute>
      <attribute name="street_behavior">unknown</attribute>
      <attribute name="posture_gesture">unknown</attribute>
      <attribute name="clothing_style">unknown</attribute>
      <attribute name="time_context">unknown</attribute>
    </box>
    <box frame="1" xtl="948.0145664998945" ytl="92.87207750052458" xbr="1062.6475786891228" ybr="230.73274357062724" outside="0" occluded="0" keyframe="1">
      <attribute name="walking_behavior">unknown</attribute>
      <attribute name="phone_usage">unknown</attribute>
      <attribute name="social_interaction">unknown</attribute>
      <attribute name="carrying_items">unknown</attribute>
      <attribute name="street_behavior">unknown</attribute>
      <attribute name="posture_gesture">unknown</attribute>
      <attribute name="clothing_style">unknown</attribute>
      <attribute name="time_context">unknown</attribute>
    </box>
    <box frame="2" xtl="952.6403001859029" ytl="92.22983598182596" xbr="1064.3678824713077" ybr="227.7010878265815" outside="0" occluded="0" keyframe="1">
      <attribute name="walking_behavior">unknown</attribute>
      <attribute name="phone_usage">unknown</attribute>
      <attribute name="social_interaction">unknown</attribute>
      <attribute name="carrying_items">unknown</attribute>
      <attribute name="street_behavior">unknown</attribute>
      <attribute name="posture_gesture">unknown</attribute>
      <attribute name="clothing_style">unknown</attribute>
      <attribute name="time_context">unknown</attribute>
    </box>
    <box frame="3" xtl="959.8149483796377" ytl="95.11028431728165" xbr="1069.0369477068518" ybr="228.46836800250247" outside="0" occluded="0" keyframe="1">
      <attribute name="walking_behavior">unknown</attribute>
      <attribute name="phone_usage">unknown</attribute>
      <attribute name="social_interaction">unknown</attribute>
      <attribute name="carrying_items">unknown</attribute>
      <attribute name="street_behavior">unknown</attribute>
      <attribute name="posture_gesture">unknown</attribute>
      <attribute name="clothing_style">unknown</attribute>
      <attribute name="time_context">unknown</attribute>
    </box>
    <box frame="4" xtl="954.515420131022" ytl="91.36314893046872" xbr="1061.6704520658425" ybr="224.17617511574232" outside="0" occluded="0" keyframe="1">
      <attribute name="walking_behavior">unknown</attribute>
      <attribute name="phone_usage">unknown</attribute>
      <attribute name="social_interaction">unknown</attribute>
      <attribute name="carrying_items">unknown</attribute>
      <attribute name="street_behavior">unknown</attribute>
      <attribute name="posture_gesture">unknown</attribute>
      <attribute name="clothing_style">unknown</attribute>
      <attribute name="time_context">unknown</attribute>
    </box>
    <box frame="5" xtl="975.6683394752104" ytl="110.57319843239804" xbr="1071.1537550282167" ybr="227.61863677336527" outside="0" occluded="0" keyframe="1">
      <attribute name="walking_behavior">unknown</attribute>
      <attribute name="phone_usage">unknown</attribute>
      <attribute name="social_interaction">unknown</attribute>
      <attribute name="carrying_items">unknown</attribute>
      <attribute name="street_behavior">unknown</attribute>
      <attribute name="posture_gesture">unknown</attribute>
      <attribute name="clothing_style">unknown</attribute>
      <attribute name="time_context">unknown</attribute>
    </box>
    <box frame="6" xtl="957.1578817370776" ytl="100.49335778303376" xbr="1059.6141562432838" ybr="227.62919844580873" outside="0" occluded="0" keyframe="1">
      <attribute name="walking_behavior">unknown</attribute>
      <attribute name="phone_usage">unknown</attribute>
      <attribute name="social_interaction">unknown</attribute>
      <attribute name="carrying_items">unknown</attribute>
      <attribute name="street_behavior">unknown</attribute>
      <attribute name="posture_gesture">unknown</attribute>
      <attribute name="clothing_style">unknown</attribute>
      <attribute name="time_context">unknown</attribute>
    </box>
    <box frame="7" xtl="967.413737186927" ytl="103.79825035865701" xbr="1068.0962555546225" ybr="228.09454856147636" outside="0" occluded="0" keyframe="1">
      <attribute name="walking_behavior">unknown</attribute>
      <attribute name="phone_usage">unknown</attribute>
      <attribute name="social_interaction">unknown</attribute>
      <attribute name="carrying_items">unknown</attribute>
      <attribute name="street_behavior">unknown</attribute>
      <attribute name="posture_gesture">unknown</attribute>
      <attribute name="clothing_style">unknown</attribute>
      <attribute name="time_context">unknown</attribute>
    </box>
    <box frame="8" xtl="958.4043087270996" ytl="98.7793524593687" xbr="1062.9308420754996" ybr="228.78315129027072" outside="0" occluded="0" keyframe="1">
      <attribute name="walking_behavior">unknown</attribute>
      <attribute name="phone_usage">unknown</attribute>
      <attribute name="social_interaction">unknown</attribute>
      <attribute name="carrying_items">unknown</attribute>
      <attribute name="street_behavior">unknown</attribute>
      <attribute name="posture_gesture">unknown</attribute>
      <attribute name="clothing_style">unknown</attribute>
      <attribute name="time_context">unknown</attribute>
    </box>
    <box frame="9" xtl="965.6855063555494" ytl="103.07121081375345" xbr="1068.3350649560489" ybr="230.5022695771546" outside="0" occluded="0" keyframe="1">
      <attribute name="walking_behavior">unknown</attribute>
      <attribute name="phone_usage">unknown</attribute>
      <attribute name="social_interaction">unknown</attribute>
      <attribute name="carrying_items">unknown</attribute>
      <attribute name="street_behavior">unknown</attribute>
      <attribute name="posture_gesture">unknown</attribute>
      <attribute name="clothing_style">unknown</attribute>
      <attribute name="time_context">unknown</attribute>
    </box>
    <box frame="10" xtl="955.1184739051108" ytl="96.56247689722338" xbr="1059.6365325186255" ybr="228.32768482402244" outside="0" occluded="0" keyframe="1">
      <attribute name="walking_behavior">unknown</attribute>
      <attribute name="phone_usage">unknown</attribute>
      <attribute name="social_interaction">unknown</attribute>
      <attribute name="carrying_items">unknown</attribute>
      <attribute name="street_behavior">unknown</attribute>
      <attribute name="posture_gesture">unknown</attribute>
      <attribute name="clothing_style">unknown</attribute>
      <attribute name="time_context">unknown</attribute>
    </box>
    <box frame="11" xtl="968.8106493686408" ytl="106.54012219623782" xbr="1067.790422693757" ybr="229.5292904079592" outside="0" occluded="0" keyframe="1">
      <attribute name="walking_behavior">unknown</attribute>
      <attribute name="phone_usage">unknown</attribute>
      <attribute name="social_interaction">unknown</attribute>
      <attribute name="carrying_items">unknown</attribute>
      <attribute name="street_behavior">unknown</attribute>
      <attribute name="posture_gesture">unknown</attribute>
      <attribute name="clothing_style">unknown</attribute>
      <attribute name="time_context">unknown</attribute>
    </box>
    <box frame="12" xtl="954.8810410681559" ytl="95.4442452888975" xbr="1057.1111005425262" ybr="224.66376008468654" outside="0" occluded="0" keyframe="1">
      <attribute name="walking_behavior">unknown</attribute>
      <attribute name="phone_usage">unknown</attribute>
      <attribute name="social_interaction">unknown</attribute>
      <attribute name="carrying_items">unknown</attribute>
      <attribute name="street_behavior">unknown</attribute>
      <attribute name="posture_gesture">unknown</attribute>
      <attribute name="clothing_style">unknown</attribute>
      <attribute name="time_context">unknown</attribute>
    </box>
    <box frame="13" xtl="964.8474343555207" ytl="100.36414634866264" xbr="1064.925381155274" ybr="226.80344735924047" outside="0" occluded="0" keyframe="1">
      <attribute name="walking_behavior">unknown</attribute>
      <attribute name="phone_usage">unknown</attribute>
      <attribute name="social_interaction">unknown</attribute>
      <attribute name="carrying_items">unknown</attribute>
      <attribute name="street_behavior">unknown</attribute>
      <attribute name="posture_gesture">unknown</attribute>
      <attribute name="clothing_style">unknown</attribute>
      <attribute name="time_context">unknown</attribute>
    </box>
    <box frame="14" xtl="955.8537236711297" ytl="92.79042675622476" xbr="1059.5609108894487" ybr="226.4011524005383" outside="0" occluded="0" keyframe="1">
      <attribute name="walking_behavior">unknown</attribute>
      <attribute name="phone_usage">unknown</attribute>
      <attribute name="social_interaction">unknown</attribute>
      <attribute name="carrying_items">unknown</attribute>
      <attribute name="street_behavior">unknown</attribute>
      <attribute name="posture_gesture">unknown</attribute>
      <attribute name="clothing_style">unknown</attribute>
      <attribute name="time_context">unknown</attribute>
    </box>
  </track>
  <track id="203" label="person">
    <box frame="14" xtl="199.01254549601327" ytl="-1.5473075866699162" xbr="306.1273684444164" ybr="118.22200012207031" outside="0" occluded="0" keyframe="1">
      <attribute name="walking_behavior">unknown</attribute>
      <attribute name="phone_usage">unknown</attribute>
      <attribute name="social_interaction">unknown</attribute>
      <attribute name="carrying_items">unknown</attribute>
      <attribute name="street_behavior">unknown</attribute>
      <attribute name="posture_gesture">unknown</attribute>
      <attribute name="clothing_style">unknown</attribute>
      <attribute name="time_context">unknown</attribute>
    </box>
  </track>
</annotations>
