<?xml version="1.0" ?>
<annotations>
  <version>1.1</version>
  <meta>
    <task>
      <id>0</id>
      <name>2_clip_001</name>
      <size>15</size>
      <mode>interpolation</mode>
      <overlap>0</overlap>
      <original_size>
        <width>1280</width>
        <height>720</height>
      </original_size>
      <labels>
        <label>
          <name>person</name>
          <color>#ff0000</color>
          <attributes>
            <attribute>
              <name>walking_behavior</name>
              <mutable>true</mutable>
              <input_type>select</input_type>
              <default_value>unknown</default_value>
              <values>unknown
normal_walk
fast_walk
slow_walk
standing_still
jogging
window_shopping</values>
            </attribute>
            <attribute>
              <name>phone_usage</name>
              <mutable>true</mutable>
              <input_type>select</input_type>
              <default_value>unknown</default_value>
              <values>unknown
no_phone
talking_phone
texting
taking_photo
listening_music</values>
            </attribute>
            <attribute>
              <name>social_interaction</name>
              <mutable>true</mutable>
              <input_type>select</input_type>
              <default_value>unknown</default_value>
              <values>unknown
alone
talking_companion
group_walking
greeting_someone
asking_directions
avoiding_crowd</values>
            </attribute>
            <attribute>
              <name>carrying_items</name>
              <mutable>true</mutable>
              <input_type>select</input_type>
              <default_value>unknown</default_value>
              <values>unknown
empty_hands
shopping_bags
backpack
briefcase_bag
umbrella
food_drink
multiple_items</values>
            </attribute>
            <attribute>
              <name>street_behavior</name>
              <mutable>true</mutable>
              <input_type>select</input_type>
              <default_value>unknown</default_value>
              <values>unknown
sidewalk_walking
crossing_street
waiting_signal
looking_around
checking_map
entering_building
exiting_building</values>
            </attribute>
            <attribute>
              <name>posture_gesture</name>
              <mutable>true</mutable>
              <input_type>select</input_type>
              <default_value>unknown</default_value>
              <values>unknown
upright_normal
looking_down
looking_up
hands_in_pockets
arms_crossed
pointing_gesture
bowing_gesture</values>
            </attribute>
            <attribute>
              <name>clothing_style</name>
              <mutable>true</mutable>
              <input_type>select</input_type>
              <default_value>unknown</default_value>
              <values>unknown
business_attire
casual_wear
tourist_style
school_uniform
sports_wear
traditional_wear</values>
            </attribute>
            <attribute>
              <name>time_context</name>
              <mutable>true</mutable>
              <input_type>select</input_type>
              <default_value>unknown</default_value>
              <values>unknown
rush_hour
leisure_time
shopping_time
tourist_hours
lunch_break
evening_stroll</values>
            </attribute>
          </attributes>
        </label>
      </labels>
    </task>
  </meta>
  <track id="7978" label="person">
    <box frame="0" xtl="0.14839553833007812" ytl="255.2344512939453" xbr="106.34954833984375" ybr="518.6950073242188" outside="0" occluded="0" keyframe="1">
      <attribute name="walking_behavior">unknown</attribute>
      <attribute name="phone_usage">unknown</attribute>
      <attribute name="social_interaction">unknown</attribute>
      <attribute name="carrying_items">unknown</attribute>
      <attribute name="street_behavior">unknown</attribute>
      <attribute name="posture_gesture">unknown</attribute>
      <attribute name="clothing_style">unknown</attribute>
      <attribute name="time_context">unknown</attribute>
    </box>
    <box frame="1" xtl="18.10336168683667" ytl="308.43168778852976" xbr="126.23276739924003" ybr="576.0100531459839" outside="0" occluded="0" keyframe="1">
      <attribute name="walking_behavior">unknown</attribute>
      <attribute name="phone_usage">unknown</attribute>
      <attribute name="social_interaction">unknown</attribute>
      <attribute name="carrying_items">unknown</attribute>
      <attribute name="street_behavior">unknown</attribute>
      <attribute name="posture_gesture">unknown</attribute>
      <attribute name="clothing_style">unknown</attribute>
      <attribute name="time_context">unknown</attribute>
    </box>
    <box frame="2" xtl="35.97772063610406" ytl="359.08620014505584" xbr="149.48275490404978" ybr="639.4370579624727" outside="0" occluded="0" keyframe="1">
      <attribute name="walking_behavior">unknown</attribute>
      <attribute name="phone_usage">unknown</attribute>
      <attribute name="social_interaction">unknown</attribute>
      <attribute name="carrying_items">unknown</attribute>
      <attribute name="street_behavior">unknown</attribute>
      <attribute name="posture_gesture">unknown</attribute>
      <attribute name="clothing_style">unknown</attribute>
      <attribute name="time_context">unknown</attribute>
    </box>
    <box frame="3" xtl="55.931466630631775" ytl="422.370733531911" xbr="170.51569390342743" ybr="703.8774827386526" outside="0" occluded="0" keyframe="1">
      <attribute name="walking_behavior">unknown</attribute>
      <attribute name="phone_usage">unknown</attribute>
      <attribute name="social_interaction">unknown</attribute>
      <attribute name="carrying_items">unknown</attribute>
      <attribute name="street_behavior">unknown</attribute>
      <attribute name="posture_gesture">unknown</attribute>
      <attribute name="clothing_style">unknown</attribute>
      <attribute name="time_context">unknown</attribute>
    </box>
    <box frame="4" xtl="83.55849563266389" ytl="498.6759967381729" xbr="178.32175534014908" ybr="724.4699058900751" outside="0" occluded="0" keyframe="1">
      <attribute name="walking_behavior">unknown</attribute>
      <attribute name="phone_usage">unknown</attribute>
      <attribute name="social_interaction">unknown</attribute>
      <attribute name="carrying_items">unknown</attribute>
      <attribute name="street_behavior">unknown</attribute>
      <attribute name="posture_gesture">unknown</attribute>
      <attribute name="clothing_style">unknown</attribute>
      <attribute name="time_context">unknown</attribute>
    </box>
    <box frame="5" xtl="104.62934174899152" ytl="583.7300984911615" xbr="170.9134708205608" ybr="728.4318142841166" outside="0" occluded="0" keyframe="1">
      <attribute name="walking_behavior">unknown</attribute>
      <attribute name="phone_usage">unknown</attribute>
      <attribute name="social_interaction">unknown</attribute>
      <attribute name="carrying_items">unknown</attribute>
      <attribute name="street_behavior">unknown</attribute>
      <attribute name="posture_gesture">unknown</attribute>
      <attribute name="clothing_style">unknown</attribute>
      <attribute name="time_context">unknown</attribute>
    </box>
  </track>
  <track id="7979" label="person">
    <box frame="0" xtl="164.18125915527344" ytl="52.08924102783203" xbr="257.24578857421875" ybr="292.7042541503906" outside="0" occluded="0" keyframe="1">
      <attribute name="walking_behavior">unknown</attribute>
      <attribute name="phone_usage">unknown</attribute>
      <attribute name="social_interaction">unknown</attribute>
      <attribute name="carrying_items">unknown</attribute>
      <attribute name="street_behavior">unknown</attribute>
      <attribute name="posture_gesture">unknown</attribute>
      <attribute name="clothing_style">unknown</attribute>
      <attribute name="time_context">unknown</attribute>
    </box>
    <box frame="1" xtl="164.82785634121697" ytl="50.23969798442745" xbr="258.2819760441378" ybr="291.7790986368479" outside="0" occluded="0" keyframe="1">
      <attribute name="walking_behavior">unknown</attribute>
      <attribute name="phone_usage">unknown</attribute>
      <attribute name="social_interaction">unknown</attribute>
      <attribute name="carrying_items">unknown</attribute>
      <attribute name="street_behavior">unknown</attribute>
      <attribute name="posture_gesture">unknown</attribute>
      <attribute name="clothing_style">unknown</attribute>
      <attribute name="time_context">unknown</attribute>
    </box>
    <box frame="2" xtl="163.67275958235325" ytl="49.87979623472009" xbr="257.38639661264887" ybr="292.3840636210276" outside="0" occluded="0" keyframe="1">
      <attribute name="walking_behavior">unknown</attribute>
      <attribute name="phone_usage">unknown</attribute>
      <attribute name="social_interaction">unknown</attribute>
      <attribute name="carrying_items">unknown</attribute>
      <attribute name="street_behavior">unknown</attribute>
      <attribute name="posture_gesture">unknown</attribute>
      <attribute name="clothing_style">unknown</attribute>
      <attribute name="time_context">unknown</attribute>
    </box>
    <box frame="3" xtl="156.68373942656933" ytl="50.7720568181645" xbr="250.34838875424265" ybr="292.8292765001768" outside="0" occluded="0" keyframe="1">
      <attribute name="walking_behavior">unknown</attribute>
      <attribute name="phone_usage">unknown</attribute>
      <attribute name="social_interaction">unknown</attribute>
      <attribute name="carrying_items">unknown</attribute>
      <attribute name="street_behavior">unknown</attribute>
      <attribute name="posture_gesture">unknown</attribute>
      <attribute name="clothing_style">unknown</attribute>
      <attribute name="time_context">unknown</attribute>
    </box>
    <box frame="4" xtl="152.92563270630393" ytl="52.02324349748598" xbr="246.30957294474177" ybr="292.39890066902916" outside="0" occluded="0" keyframe="1">
      <attribute name="walking_behavior">unknown</attribute>
      <attribute name="phone_usage">unknown</attribute>
      <attribute name="social_interaction">unknown</attribute>
      <attribute name="carrying_items">unknown</attribute>
      <attribute name="street_behavior">unknown</attribute>
      <attribute name="posture_gesture">unknown</attribute>
      <attribute name="clothing_style">unknown</attribute>
      <attribute name="time_context">unknown</attribute>
    </box>
    <box frame="5" xtl="151.1453339997061" ytl="51.32172655629057" xbr="245.51240679165625" ybr="293.09649265517174" outside="0" occluded="0" keyframe="1">
      <attribute name="walking_behavior">unknown</attribute>
      <attribute name="phone_usage">unknown</attribute>
      <attribute name="social_interaction">unknown</attribute>
      <attribute name="carrying_items">unknown</attribute>
      <attribute name="street_behavior">unknown</attribute>
      <attribute name="posture_gesture">unknown</attribute>
      <attribute name="clothing_style">unknown</attribute>
      <attribute name="time_context">unknown</attribute>
    </box>
    <box frame="6" xtl="150.464916249653" ytl="51.75649129295016" xbr="245.25761347455375" ybr="293.6637631613938" outside="0" occluded="0" keyframe="1">
      <attribute name="walking_behavior">unknown</attribute>
      <attribute name="phone_usage">unknown</attribute>
      <attribute name="social_interaction">unknown</attribute>
      <attribute name="carrying_items">unknown</attribute>
      <attribute name="street_behavior">unknown</attribute>
      <attribute name="posture_gesture">unknown</attribute>
      <attribute name="clothing_style">unknown</attribute>
      <attribute name="time_context">unknown</attribute>
    </box>
    <box frame="7" xtl="150.70390767306517" ytl="51.71462162482477" xbr="245.94206881527523" ybr="293.6371199486747" outside="0" occluded="0" keyframe="1">
      <attribute name="walking_behavior">unknown</attribute>
      <attribute name="phone_usage">unknown</attribute>
      <attribute name="social_interaction">unknown</attribute>
      <attribute name="carrying_items">unknown</attribute>
      <attribute name="street_behavior">unknown</attribute>
      <attribute name="posture_gesture">unknown</attribute>
      <attribute name="clothing_style">unknown</attribute>
      <attribute name="time_context">unknown</attribute>
    </box>
    <box frame="8" xtl="150.4810561720372" ytl="52.07246175677663" xbr="245.81494678927433" ybr="292.7129438772067" outside="0" occluded="0" keyframe="1">
      <attribute name="walking_behavior">unknown</attribute>
      <attribute name="phone_usage">unknown</attribute>
      <attribute name="social_interaction">unknown</attribute>
      <attribute name="carrying_items">unknown</attribute>
      <attribute name="street_behavior">unknown</attribute>
      <attribute name="posture_gesture">unknown</attribute>
      <attribute name="clothing_style">unknown</attribute>
      <attribute name="time_context">unknown</attribute>
    </box>
    <box frame="9" xtl="150.6353469654665" ytl="52.67073070662863" xbr="246.01681556756108" ybr="291.858506218681" outside="0" occluded="0" keyframe="1">
      <attribute name="walking_behavior">unknown</attribute>
      <attribute name="phone_usage">unknown</attribute>
      <attribute name="social_interaction">unknown</attribute>
      <attribute name="carrying_items">unknown</attribute>
      <attribute name="street_behavior">unknown</attribute>
      <attribute name="posture_gesture">unknown</attribute>
      <attribute name="clothing_style">unknown</attribute>
      <attribute name="time_context">unknown</attribute>
    </box>
    <box frame="10" xtl="150.75585544521658" ytl="53.61645401728542" xbr="246.5511227857982" ybr="292.02078383314256" outside="0" occluded="0" keyframe="1">
      <attribute name="walking_behavior">unknown</attribute>
      <attribute name="phone_usage">unknown</attribute>
      <attribute name="social_interaction">unknown</attribute>
      <attribute name="carrying_items">unknown</attribute>
      <attribute name="street_behavior">unknown</attribute>
      <attribute name="posture_gesture">unknown</attribute>
      <attribute name="clothing_style">unknown</attribute>
      <attribute name="time_context">unknown</attribute>
    </box>
    <box frame="11" xtl="150.05036032363282" ytl="54.85665626701565" xbr="246.097038262061" ybr="292.51228106437554" outside="0" occluded="0" keyframe="1">
      <attribute name="walking_behavior">unknown</attribute>
      <attribute name="phone_usage">unknown</attribute>
      <attribute name="social_interaction">unknown</attribute>
      <attribute name="carrying_items">unknown</attribute>
      <attribute name="street_behavior">unknown</attribute>
      <attribute name="posture_gesture">unknown</attribute>
      <attribute name="clothing_style">unknown</attribute>
      <attribute name="time_context">unknown</attribute>
    </box>
    <box frame="12" xtl="147.249914589423" ytl="53.75718498938012" xbr="242.04621926951452" ybr="290.58909346196754" outside="0" occluded="0" keyframe="1">
      <attribute name="walking_behavior">unknown</attribute>
      <attribute name="phone_usage">unknown</attribute>
      <attribute name="social_interaction">unknown</attribute>
      <attribute name="carrying_items">unknown</attribute>
      <attribute name="street_behavior">unknown</attribute>
      <attribute name="posture_gesture">unknown</attribute>
      <attribute name="clothing_style">unknown</attribute>
      <attribute name="time_context">unknown</attribute>
    </box>
    <box frame="13" xtl="148.23389055568254" ytl="52.9537370293463" xbr="243.9829501063751" ybr="291.7691801476145" outside="0" occluded="0" keyframe="1">
      <attribute name="walking_behavior">unknown</attribute>
      <attribute name="phone_usage">unknown</attribute>
      <attribute name="social_interaction">unknown</attribute>
      <attribute name="carrying_items">unknown</attribute>
      <attribute name="street_behavior">unknown</attribute>
      <attribute name="posture_gesture">unknown</attribute>
      <attribute name="clothing_style">unknown</attribute>
      <attribute name="time_context">unknown</attribute>
    </box>
    <box frame="14" xtl="149.01538682268892" ytl="53.659717420416456" xbr="245.0230023140662" ybr="292.1761123938919" outside="0" occluded="0" keyframe="1">
      <attribute name="walking_behavior">unknown</attribute>
      <attribute name="phone_usage">unknown</attribute>
      <attribute name="social_interaction">unknown</attribute>
      <attribute name="carrying_items">unknown</attribute>
      <attribute name="street_behavior">unknown</attribute>
      <attribute name="posture_gesture">unknown</attribute>
      <attribute name="clothing_style">unknown</attribute>
      <attribute name="time_context">unknown</attribute>
    </box>
  </track>
  <track id="7980" label="person">
    <box frame="0" xtl="806.591064453125" ytl="0.8407249450683594" xbr="884.3927001953125" ybr="100.16166687011719" outside="0" occluded="0" keyframe="1">
      <attribute name="walking_behavior">unknown</attribute>
      <attribute name="phone_usage">unknown</attribute>
      <attribute name="social_interaction">unknown</attribute>
      <attribute name="carrying_items">unknown</attribute>
      <attribute name="street_behavior">unknown</attribute>
      <attribute name="posture_gesture">unknown</attribute>
      <attribute name="clothing_style">unknown</attribute>
      <attribute name="time_context">unknown</attribute>
    </box>
    <box frame="1" xtl="780.4352119169574" ytl="-0.02853658376646706" xbr="847.9009989801887" ybr="86.35721317007521" outside="0" occluded="0" keyframe="1">
      <attribute name="walking_behavior">unknown</attribute>
      <attribute name="phone_usage">unknown</attribute>
      <attribute name="social_interaction">unknown</attribute>
      <attribute name="carrying_items">unknown</attribute>
      <attribute name="street_behavior">unknown</attribute>
      <attribute name="posture_gesture">unknown</attribute>
      <attribute name="clothing_style">unknown</attribute>
      <attribute name="time_context">unknown</attribute>
    </box>
    <box frame="2" xtl="797.386616371092" ytl="0.4267805205003441" xbr="871.3496355937071" ybr="95.01372944546888" outside="0" occluded="0" keyframe="1">
      <attribute name="walking_behavior">unknown</attribute>
      <attribute name="phone_usage">unknown</attribute>
      <attribute name="social_interaction">unknown</attribute>
      <attribute name="carrying_items">unknown</attribute>
      <attribute name="street_behavior">unknown</attribute>
      <attribute name="posture_gesture">unknown</attribute>
      <attribute name="clothing_style">unknown</attribute>
      <attribute name="time_context">unknown</attribute>
    </box>
    <box frame="3" xtl="782.4663105254353" ytl="-0.06907990117330343" xbr="850.1048495075028" ybr="87.14108318918628" outside="0" occluded="0" keyframe="1">
      <attribute name="walking_behavior">unknown</attribute>
      <attribute name="phone_usage">unknown</attribute>
      <attribute name="social_interaction">unknown</attribute>
      <attribute name="carrying_items">unknown</attribute>
      <attribute name="street_behavior">unknown</attribute>
      <attribute name="posture_gesture">unknown</attribute>
      <attribute name="clothing_style">unknown</attribute>
      <attribute name="time_context">unknown</attribute>
    </box>
    <box frame="4" xtl="776.4819082091112" ytl="0.186189733116656" xbr="837.9878897133541" ybr="81.0658097896495" outside="0" occluded="0" keyframe="1">
      <attribute name="walking_behavior">unknown</attribute>
      <attribute name="phone_usage">unknown</attribute>
      <attribute name="social_interaction">unknown</attribute>
      <attribute name="carrying_items">unknown</attribute>
      <attribute name="street_behavior">unknown</attribute>
      <attribute name="posture_gesture">unknown</attribute>
      <attribute name="clothing_style">unknown</attribute>
      <attribute name="time_context">unknown</attribute>
    </box>
    <box frame="5" xtl="776.763230282582" ytl="0.5113230276598983" xbr="840.1800041927769" ybr="84.13844131989296" outside="0" occluded="0" keyframe="1">
      <attribute name="walking_behavior">unknown</attribute>
      <attribute name="phone_usage">unknown</attribute>
      <attribute name="social_interaction">unknown</attribute>
      <attribute name="carrying_items">unknown</attribute>
      <attribute name="street_behavior">unknown</attribute>
      <attribute name="posture_gesture">unknown</attribute>
      <attribute name="clothing_style">unknown</attribute>
      <attribute name="time_context">unknown</attribute>
    </box>
    <box frame="6" xtl="749.5398980453137" ytl="0.7675571165635375" xbr="825.1241203670686" ybr="99.91352243559903" outside="0" occluded="0" keyframe="1">
      <attribute name="walking_behavior">unknown</attribute>
      <attribute name="phone_usage">unknown</attribute>
      <attribute name="social_interaction">unknown</attribute>
      <attribute name="carrying_items">unknown</attribute>
      <attribute name="street_behavior">unknown</attribute>
      <attribute name="posture_gesture">unknown</attribute>
      <attribute name="clothing_style">unknown</attribute>
      <attribute name="time_context">unknown</attribute>
    </box>
    <box frame="7" xtl="764.7208754931496" ytl="0.6096280347471534" xbr="832.7684979711945" ybr="90.53565972748135" outside="0" occluded="0" keyframe="1">
      <attribute name="walking_behavior">unknown</attribute>
      <attribute name="phone_usage">unknown</attribute>
      <attribute name="social_interaction">unknown</attribute>
      <attribute name="carrying_items">unknown</attribute>
      <attribute name="street_behavior">unknown</attribute>
      <attribute name="posture_gesture">unknown</attribute>
      <attribute name="clothing_style">unknown</attribute>
      <attribute name="time_context">unknown</attribute>
    </box>
    <box frame="8" xtl="772.7302838777331" ytl="0.6374989136589022" xbr="836.3135222033591" ybr="85.30715842296019" outside="0" occluded="0" keyframe="1">
      <attribute name="walking_behavior">unknown</attribute>
      <attribute name="phone_usage">unknown</attribute>
      <attribute name="social_interaction">unknown</attribute>
      <attribute name="carrying_items">unknown</attribute>
      <attribute name="street_behavior">unknown</attribute>
      <attribute name="posture_gesture">unknown</attribute>
      <attribute name="clothing_style">unknown</attribute>
      <attribute name="time_context">unknown</attribute>
    </box>
    <box frame="9" xtl="775.1613849763672" ytl="0.3406709800150125" xbr="837.6824339181613" ybr="84.42159844820932" outside="0" occluded="0" keyframe="1">
      <attribute name="walking_behavior">unknown</attribute>
      <attribute name="phone_usage">unknown</attribute>
      <attribute name="social_interaction">unknown</attribute>
      <attribute name="carrying_items">unknown</attribute>
      <attribute name="street_behavior">unknown</attribute>
      <attribute name="posture_gesture">unknown</attribute>
      <attribute name="clothing_style">unknown</attribute>
      <attribute name="time_context">unknown</attribute>
    </box>
    <box frame="10" xtl="776.4406101363194" ytl="0.4454073568231749" xbr="838.4822198420167" ybr="84.65619088189311" outside="0" occluded="0" keyframe="1">
      <attribute name="walking_behavior">unknown</attribute>
      <attribute name="phone_usage">unknown</attribute>
      <attribute name="social_interaction">unknown</attribute>
      <attribute name="carrying_items">unknown</attribute>
      <attribute name="street_behavior">unknown</attribute>
      <attribute name="posture_gesture">unknown</attribute>
      <attribute name="clothing_style">unknown</attribute>
      <attribute name="time_context">unknown</attribute>
    </box>
    <box frame="11" xtl="775.9281474131283" ytl="0.3618288100435407" xbr="837.5828381471055" ybr="84.77974623181677" outside="0" occluded="0" keyframe="1">
      <attribute name="walking_behavior">unknown</attribute>
      <attribute name="phone_usage">unknown</attribute>
      <attribute name="social_interaction">unknown</attribute>
      <attribute name="carrying_items">unknown</attribute>
      <attribute name="street_behavior">unknown</attribute>
      <attribute name="posture_gesture">unknown</attribute>
      <attribute name="clothing_style">unknown</attribute>
      <attribute name="time_context">unknown</attribute>
    </box>
    <box frame="12" xtl="775.9048116939969" ytl="0.34020924156104115" xbr="836.9085515408003" ybr="84.64299604476629" outside="0" occluded="0" keyframe="1">
      <attribute name="walking_behavior">unknown</attribute>
      <attribute name="phone_usage">unknown</attribute>
      <attribute name="social_interaction">unknown</attribute>
      <attribute name="carrying_items">unknown</attribute>
      <attribute name="street_behavior">unknown</attribute>
      <attribute name="posture_gesture">unknown</attribute>
      <attribute name="clothing_style">unknown</attribute>
      <attribute name="time_context">unknown</attribute>
    </box>
    <box frame="13" xtl="781.93207110314" ytl="0.030152645358732855" xbr="839.5355642929363" ybr="81.05476173311772" outside="0" occluded="0" keyframe="1">
      <attribute name="walking_behavior">unknown</attribute>
      <attribute name="phone_usage">unknown</attribute>
      <attribute name="social_interaction">unknown</attribute>
      <attribute name="carrying_items">unknown</attribute>
      <attribute name="street_behavior">unknown</attribute>
      <attribute name="posture_gesture">unknown</attribute>
      <attribute name="clothing_style">unknown</attribute>
      <attribute name="time_context">unknown</attribute>
    </box>
  </track>
  <track id="7981" label="person">
    <box frame="0" xtl="252.30287170410156" ytl="23.756820678710938" xbr="331.5279541015625" ybr="144.3252410888672" outside="0" occluded="0" keyframe="1">
      <attribute name="walking_behavior">unknown</attribute>
      <attribute name="phone_usage">unknown</attribute>
      <attribute name="social_interaction">unknown</attribute>
      <attribute name="carrying_items">unknown</attribute>
      <attribute name="street_behavior">unknown</attribute>
      <attribute name="posture_gesture">unknown</attribute>
      <attribute name="clothing_style">unknown</attribute>
      <attribute name="time_context">unknown</attribute>
    </box>
    <box frame="1" xtl="259.74407118559577" ytl="24.225462858341935" xbr="337.95032982244277" ybr="143.6907673985505" outside="0" occluded="0" keyframe="1">
      <attribute name="walking_behavior">unknown</attribute>
      <attribute name="phone_usage">unknown</attribute>
      <attribute name="social_interaction">unknown</attribute>
      <attribute name="carrying_items">unknown</attribute>
      <attribute name="street_behavior">unknown</attribute>
      <attribute name="posture_gesture">unknown</attribute>
      <attribute name="clothing_style">unknown</attribute>
      <attribute name="time_context">unknown</attribute>
    </box>
    <box frame="2" xtl="260.368514553011" ytl="23.52157182964227" xbr="338.5972748336907" ybr="143.76407540780951" outside="0" occluded="0" keyframe="1">
      <attribute name="walking_behavior">unknown</attribute>
      <attribute name="phone_usage">unknown</attribute>
      <attribute name="social_interaction">unknown</attribute>
      <attribute name="carrying_items">unknown</attribute>
      <attribute name="street_behavior">unknown</attribute>
      <attribute name="posture_gesture">unknown</attribute>
      <attribute name="clothing_style">unknown</attribute>
      <attribute name="time_context">unknown</attribute>
    </box>
    <box frame="3" xtl="259.72078008297706" ytl="29.572213166230476" xbr="334.3952149388328" ybr="144.3183505939391" outside="0" occluded="0" keyframe="1">
      <attribute name="walking_behavior">unknown</attribute>
      <attribute name="phone_usage">unknown</attribute>
      <attribute name="social_interaction">unknown</attribute>
      <attribute name="carrying_items">unknown</attribute>
      <attribute name="street_behavior">unknown</attribute>
      <attribute name="posture_gesture">unknown</attribute>
      <attribute name="clothing_style">unknown</attribute>
      <attribute name="time_context">unknown</attribute>
    </box>
    <box frame="4" xtl="260.111033661096" ytl="24.864820475226587" xbr="336.1428151808199" ybr="142.48539428263442" outside="0" occluded="0" keyframe="1">
      <attribute name="walking_behavior">unknown</attribute>
      <attribute name="phone_usage">unknown</attribute>
      <attribute name="social_interaction">unknown</attribute>
      <attribute name="carrying_items">unknown</attribute>
      <attribute name="street_behavior">unknown</attribute>
      <attribute name="posture_gesture">unknown</attribute>
      <attribute name="clothing_style">unknown</attribute>
      <attribute name="time_context">unknown</attribute>
    </box>
    <box frame="5" xtl="254.44691440395553" ytl="21.222592884273595" xbr="332.478659590868" ybr="142.52416615843197" outside="0" occluded="0" keyframe="1">
      <attribute name="walking_behavior">unknown</attribute>
      <attribute name="phone_usage">unknown</attribute>
      <attribute name="social_interaction">unknown</attribute>
      <attribute name="carrying_items">unknown</attribute>
      <attribute name="street_behavior">unknown</attribute>
      <attribute name="posture_gesture">unknown</attribute>
      <attribute name="clothing_style">unknown</attribute>
      <attribute name="time_context">unknown</attribute>
    </box>
    <box frame="6" xtl="253.1573239609706" ytl="22.950479039369526" xbr="327.78322118742807" ybr="139.22795835178977" outside="0" occluded="0" keyframe="1">
      <attribute name="walking_behavior">unknown</attribute>
      <attribute name="phone_usage">unknown</attribute>
      <attribute name="social_interaction">unknown</attribute>
      <attribute name="carrying_items">unknown</attribute>
      <attribute name="street_behavior">unknown</attribute>
      <attribute name="posture_gesture">unknown</attribute>
      <attribute name="clothing_style">unknown</attribute>
      <attribute name="time_context">unknown</attribute>
    </box>
    <box frame="7" xtl="262.12202137767474" ytl="24.52461159257375" xbr="335.0959234964656" ybr="138.83357109315057" outside="0" occluded="0" keyframe="1">
      <attribute name="walking_behavior">unknown</attribute>
      <attribute name="phone_usage">unknown</attribute>
      <attribute name="social_interaction">unknown</attribute>
      <attribute name="carrying_items">unknown</attribute>
      <attribute name="street_behavior">unknown</attribute>
      <attribute name="posture_gesture">unknown</attribute>
      <attribute name="clothing_style">unknown</attribute>
      <attribute name="time_context">unknown</attribute>
    </box>
    <box frame="8" xtl="263.6541769591063" ytl="23.171486113513417" xbr="334.58350413517184" ybr="136.53017206702924" outside="0" occluded="0" keyframe="1">
      <attribute name="walking_behavior">unknown</attribute>
      <attribute name="phone_usage">unknown</attribute>
      <attribute name="social_interaction">unknown</attribute>
      <attribute name="carrying_items">unknown</attribute>
      <attribute name="street_behavior">unknown</attribute>
      <attribute name="posture_gesture">unknown</attribute>
      <attribute name="clothing_style">unknown</attribute>
      <attribute name="time_context">unknown</attribute>
    </box>
    <box frame="9" xtl="263.7577487890895" ytl="23.637476715772408" xbr="332.41430237873215" ybr="135.40406205635625" outside="0" occluded="0" keyframe="1">
      <attribute name="walking_behavior">unknown</attribute>
      <attribute name="phone_usage">unknown</attribute>
      <attribute name="social_interaction">unknown</attribute>
      <attribute name="carrying_items">unknown</attribute>
      <attribute name="street_behavior">unknown</attribute>
      <attribute name="posture_gesture">unknown</attribute>
      <attribute name="clothing_style">unknown</attribute>
      <attribute name="time_context">unknown</attribute>
    </box>
    <box frame="10" xtl="262.8269379928461" ytl="23.665642962309057" xbr="330.6627834663995" ybr="135.91981319314954" outside="0" occluded="0" keyframe="1">
      <attribute name="walking_behavior">unknown</attribute>
      <attribute name="phone_usage">unknown</attribute>
      <attribute name="social_interaction">unknown</attribute>
      <attribute name="carrying_items">unknown</attribute>
      <attribute name="street_behavior">unknown</attribute>
      <attribute name="posture_gesture">unknown</attribute>
      <attribute name="clothing_style">unknown</attribute>
      <attribute name="time_context">unknown</attribute>
    </box>
    <box frame="11" xtl="264.85560787851045" ytl="23.90002782421785" xbr="331.4903155769793" ybr="136.6131853304731" outside="0" occluded="0" keyframe="1">
      <attribute name="walking_behavior">unknown</attribute>
      <attribute name="phone_usage">unknown</attribute>
      <attribute name="social_interaction">unknown</attribute>
      <attribute name="carrying_items">unknown</attribute>
      <attribute name="street_behavior">unknown</attribute>
      <attribute name="posture_gesture">unknown</attribute>
      <attribute name="clothing_style">unknown</attribute>
      <attribute name="time_context">unknown</attribute>
    </box>
    <box frame="12" xtl="262.37951675022384" ytl="23.62035717240491" xbr="330.6551023223925" ybr="140.6842309482425" outside="0" occluded="0" keyframe="1">
      <attribute name="walking_behavior">unknown</attribute>
      <attribute name="phone_usage">unknown</attribute>
      <attribute name="social_interaction">unknown</attribute>
      <attribute name="carrying_items">unknown</attribute>
      <attribute name="street_behavior">unknown</attribute>
      <attribute name="posture_gesture">unknown</attribute>
      <attribute name="clothing_style">unknown</attribute>
      <attribute name="time_context">unknown</attribute>
    </box>
    <box frame="13" xtl="260.72476408536545" ytl="22.192219529322813" xbr="328.4492876559621" ybr="140.4092720123247" outside="0" occluded="0" keyframe="1">
      <attribute name="walking_behavior">unknown</attribute>
      <attribute name="phone_usage">unknown</attribute>
      <attribute name="social_interaction">unknown</attribute>
      <attribute name="carrying_items">unknown</attribute>
      <attribute name="street_behavior">unknown</attribute>
      <attribute name="posture_gesture">unknown</attribute>
      <attribute name="clothing_style">unknown</attribute>
      <attribute name="time_context">unknown</attribute>
    </box>
    <box frame="14" xtl="262.79468873870724" ytl="24.82462573015068" xbr="323.62640372740447" ybr="132.43560714248463" outside="0" occluded="0" keyframe="1">
      <attribute name="walking_behavior">unknown</attribute>
      <attribute name="phone_usage">unknown</attribute>
      <attribute name="social_interaction">unknown</attribute>
      <attribute name="carrying_items">unknown</attribute>
      <attribute name="street_behavior">unknown</attribute>
      <attribute name="posture_gesture">unknown</attribute>
      <attribute name="clothing_style">unknown</attribute>
      <attribute name="time_context">unknown</attribute>
    </box>
  </track>
  <track id="7982" label="person">
    <box frame="0" xtl="435.2331848144531" ytl="0.8155975341796875" xbr="501.8523254394531" ybr="95.01458740234375" outside="0" occluded="0" keyframe="1">
      <attribute name="walking_behavior">unknown</attribute>
      <attribute name="phone_usage">unknown</attribute>
      <attribute name="social_interaction">unknown</attribute>
      <attribute name="carrying_items">unknown</attribute>
      <attribute name="street_behavior">unknown</attribute>
      <attribute name="posture_gesture">unknown</attribute>
      <attribute name="clothing_style">unknown</attribute>
      <attribute name="time_context">unknown</attribute>
    </box>
    <box frame="1" xtl="448.40678798556365" ytl="0.3987909427359142" xbr="514.4408672555908" ybr="94.18975968794389" outside="0" occluded="0" keyframe="1">
      <attribute name="walking_behavior">unknown</attribute>
      <attribute name="phone_usage">unknown</attribute>
      <attribute name="social_interaction">unknown</attribute>
      <attribute name="carrying_items">unknown</attribute>
      <attribute name="street_behavior">unknown</attribute>
      <attribute name="posture_gesture">unknown</attribute>
      <attribute name="clothing_style">unknown</attribute>
      <attribute name="time_context">unknown</attribute>
    </box>
    <box frame="2" xtl="443.4811783904609" ytl="0.5875310354800121" xbr="509.8777792886739" ybr="95.13112129998387" outside="0" occluded="0" keyframe="1">
      <attribute name="walking_behavior">unknown</attribute>
      <attribute name="phone_usage">unknown</attribute>
      <attribute name="social_interaction">unknown</attribute>
      <attribute name="carrying_items">unknown</attribute>
      <attribute name="street_behavior">unknown</attribute>
      <attribute name="posture_gesture">unknown</attribute>
      <attribute name="clothing_style">unknown</attribute>
      <attribute name="time_context">unknown</attribute>
    </box>
    <box frame="3" xtl="442.4124663501466" ytl="0.29907886809957773" xbr="509.51131935175266" ybr="95.91199261934813" outside="0" occluded="0" keyframe="1">
      <attribute name="walking_behavior">unknown</attribute>
      <attribute name="phone_usage">unknown</attribute>
      <attribute name="social_interaction">unknown</attribute>
      <attribute name="carrying_items">unknown</attribute>
      <attribute name="street_behavior">unknown</attribute>
      <attribute name="posture_gesture">unknown</attribute>
      <attribute name="clothing_style">unknown</attribute>
      <attribute name="time_context">unknown</attribute>
    </box>
    <box frame="4" xtl="444.66737201655275" ytl="0.6130033860518012" xbr="510.88324653598835" ybr="95.50901161775144" outside="0" occluded="0" keyframe="1">
      <attribute name="walking_behavior">unknown</attribute>
      <attribute name="phone_usage">unknown</attribute>
      <attribute name="social_interaction">unknown</attribute>
      <attribute name="carrying_items">unknown</attribute>
      <attribute name="street_behavior">unknown</attribute>
      <attribute name="posture_gesture">unknown</attribute>
      <attribute name="clothing_style">unknown</attribute>
      <attribute name="time_context">unknown</attribute>
    </box>
    <box frame="5" xtl="432.40175738397227" ytl="1.0336236699487813" xbr="496.9256978780788" ybr="95.96798764523746" outside="0" occluded="0" keyframe="1">
      <attribute name="walking_behavior">unknown</attribute>
      <attribute name="phone_usage">unknown</attribute>
      <attribute name="social_interaction">unknown</attribute>
      <attribute name="carrying_items">unknown</attribute>
      <attribute name="street_behavior">unknown</attribute>
      <attribute name="posture_gesture">unknown</attribute>
      <attribute name="clothing_style">unknown</attribute>
      <attribute name="time_context">unknown</attribute>
    </box>
    <box frame="6" xtl="430.3233383692069" ytl="0.2635530204129779" xbr="494.0332649669035" ybr="96.310387685123" outside="0" occluded="0" keyframe="1">
      <attribute name="walking_behavior">unknown</attribute>
      <attribute name="phone_usage">unknown</attribute>
      <attribute name="social_interaction">unknown</attribute>
      <attribute name="carrying_items">unknown</attribute>
      <attribute name="street_behavior">unknown</attribute>
      <attribute name="posture_gesture">unknown</attribute>
      <attribute name="clothing_style">unknown</attribute>
      <attribute name="time_context">unknown</attribute>
    </box>
    <box frame="7" xtl="432.34951576631676" ytl="0.20603632432485597" xbr="494.35252695165707" ybr="95.73441304478995" outside="0" occluded="0" keyframe="1">
      <attribute name="walking_behavior">unknown</attribute>
      <attribute name="phone_usage">unknown</attribute>
      <attribute name="social_interaction">unknown</attribute>
      <attribute name="carrying_items">unknown</attribute>
      <attribute name="street_behavior">unknown</attribute>
      <attribute name="posture_gesture">unknown</attribute>
      <attribute name="clothing_style">unknown</attribute>
      <attribute name="time_context">unknown</attribute>
    </box>
    <box frame="8" xtl="432.14551642190963" ytl="0.28149733031837343" xbr="493.97297697310273" ybr="98.08651309678572" outside="0" occluded="0" keyframe="1">
      <attribute name="walking_behavior">unknown</attribute>
      <attribute name="phone_usage">unknown</attribute>
      <attribute name="social_interaction">unknown</attribute>
      <attribute name="carrying_items">unknown</attribute>
      <attribute name="street_behavior">unknown</attribute>
      <attribute name="posture_gesture">unknown</attribute>
      <attribute name="clothing_style">unknown</attribute>
      <attribute name="time_context">unknown</attribute>
    </box>
    <box frame="9" xtl="440.8068844564491" ytl="0.41573697499833884" xbr="502.3837696230407" ybr="97.23778207663781" outside="0" occluded="0" keyframe="1">
      <attribute name="walking_behavior">unknown</attribute>
      <attribute name="phone_usage">unknown</attribute>
      <attribute name="social_interaction">unknown</attribute>
      <attribute name="carrying_items">unknown</attribute>
      <attribute name="street_behavior">unknown</attribute>
      <attribute name="posture_gesture">unknown</attribute>
      <attribute name="clothing_style">unknown</attribute>
      <attribute name="time_context">unknown</attribute>
    </box>
    <box frame="10" xtl="443.369342321576" ytl="0.3663410691518365" xbr="505.2454377103775" ybr="96.88707344478831" outside="0" occluded="0" keyframe="1">
      <attribute name="walking_behavior">unknown</attribute>
      <attribute name="phone_usage">unknown</attribute>
      <attribute name="social_interaction">unknown</attribute>
      <attribute name="carrying_items">unknown</attribute>
      <attribute name="street_behavior">unknown</attribute>
      <attribute name="posture_gesture">unknown</attribute>
      <attribute name="clothing_style">unknown</attribute>
      <attribute name="time_context">unknown</attribute>
    </box>
    <box frame="11" xtl="444.1778682347061" ytl="0.575637588768025" xbr="505.83046186754126" ybr="96.09086457172589" outside="0" occluded="0" keyframe="1">
      <attribute name="walking_behavior">unknown</attribute>
      <attribute name="phone_usage">unknown</attribute>
      <attribute name="social_interaction">unknown</attribute>
      <attribute name="carrying_items">unknown</attribute>
      <attribute name="street_behavior">unknown</attribute>
      <attribute name="posture_gesture">unknown</attribute>
      <attribute name="clothing_style">unknown</attribute>
      <attribute name="time_context">unknown</attribute>
    </box>
    <box frame="12" xtl="443.64860112913226" ytl="-0.06301598978659939" xbr="506.360803951317" ybr="96.22115886494058" outside="0" occluded="0" keyframe="1">
      <attribute name="walking_behavior">unknown</attribute>
      <attribute name="phone_usage">unknown</attribute>
      <attribute name="social_interaction">unknown</attribute>
      <attribute name="carrying_items">unknown</attribute>
      <attribute name="street_behavior">unknown</attribute>
      <attribute name="posture_gesture">unknown</attribute>
      <attribute name="clothing_style">unknown</attribute>
      <attribute name="time_context">unknown</attribute>
    </box>
    <box frame="13" xtl="444.2169470167458" ytl="0.24699312748154512" xbr="506.91747438275684" ybr="96.1839563615438" outside="0" occluded="0" keyframe="1">
      <attribute name="walking_behavior">unknown</attribute>
      <attribute name="phone_usage">unknown</attribute>
      <attribute name="social_interaction">unknown</attribute>
      <attribute name="carrying_items">unknown</attribute>
      <attribute name="street_behavior">unknown</attribute>
      <attribute name="posture_gesture">unknown</attribute>
      <attribute name="clothing_style">unknown</attribute>
      <attribute name="time_context">unknown</attribute>
    </box>
  </track>
  <track id="7983" label="person">
    <box frame="0" xtl="516.9144287109375" ytl="1.0445518493652344" xbr="567.191650390625" ybr="76.59996032714844" outside="0" occluded="0" keyframe="1">
      <attribute name="walking_behavior">unknown</attribute>
      <attribute name="phone_usage">unknown</attribute>
      <attribute name="social_interaction">unknown</attribute>
      <attribute name="carrying_items">unknown</attribute>
      <attribute name="street_behavior">unknown</attribute>
      <attribute name="posture_gesture">unknown</attribute>
      <attribute name="clothing_style">unknown</attribute>
      <attribute name="time_context">unknown</attribute>
    </box>
    <box frame="1" xtl="509.61979407804404" ytl="0.1611753101191269" xbr="561.5613050491028" ybr="78.22334541762172" outside="0" occluded="0" keyframe="1">
      <attribute name="walking_behavior">unknown</attribute>
      <attribute name="phone_usage">unknown</attribute>
      <attribute name="social_interaction">unknown</attribute>
      <attribute name="carrying_items">unknown</attribute>
      <attribute name="street_behavior">unknown</attribute>
      <attribute name="posture_gesture">unknown</attribute>
      <attribute name="clothing_style">unknown</attribute>
      <attribute name="time_context">unknown</attribute>
    </box>
    <box frame="2" xtl="509.61979407804404" ytl="0.1611753101191269" xbr="561.5613050491028" ybr="78.22334541762172" outside="1" occluded="0" keyframe="0">
      <attribute name="walking_behavior">unknown</attribute>
      <attribute name="phone_usage">unknown</attribute>
      <attribute name="social_interaction">unknown</attribute>
      <attribute name="carrying_items">unknown</attribute>
      <attribute name="street_behavior">unknown</attribute>
      <attribute name="posture_gesture">unknown</attribute>
      <attribute name="clothing_style">unknown</attribute>
      <attribute name="time_context">unknown</attribute>
    </box>
    <box frame="3" xtl="510.20529612431744" ytl="0.2356683034439726" xbr="563.1923183621811" ybr="79.84835177238263" outside="0" occluded="0" keyframe="1">
      <attribute name="walking_behavior">unknown</attribute>
      <attribute name="phone_usage">unknown</attribute>
      <attribute name="social_interaction">unknown</attribute>
      <attribute name="carrying_items">unknown</attribute>
      <attribute name="street_behavior">unknown</attribute>
      <attribute name="posture_gesture">unknown</attribute>
      <attribute name="clothing_style">unknown</attribute>
      <attribute name="time_context">unknown</attribute>
    </box>
    <box frame="4" xtl="511.41329877698104" ytl="0.3773144832600863" xbr="563.3512954795788" ybr="78.63027432282189" outside="0" occluded="0" keyframe="1">
      <attribute name="walking_behavior">unknown</attribute>
      <attribute name="phone_usage">unknown</attribute>
      <attribute name="social_interaction">unknown</attribute>
      <attribute name="carrying_items">unknown</attribute>
      <attribute name="street_behavior">unknown</attribute>
      <attribute name="posture_gesture">unknown</attribute>
      <attribute name="clothing_style">unknown</attribute>
      <attribute name="time_context">unknown</attribute>
    </box>
    <box frame="5" xtl="496.1424842391605" ytl="0.4263155123703939" xbr="571.1131924612887" ybr="111.31474815722456" outside="0" occluded="0" keyframe="1">
      <attribute name="walking_behavior">unknown</attribute>
      <attribute name="phone_usage">unknown</attribute>
      <attribute name="social_interaction">unknown</attribute>
      <attribute name="carrying_items">unknown</attribute>
      <attribute name="street_behavior">unknown</attribute>
      <attribute name="posture_gesture">unknown</attribute>
      <attribute name="clothing_style">unknown</attribute>
      <attribute name="time_context">unknown</attribute>
    </box>
    <box frame="6" xtl="480.71335357583763" ytl="0.358101424647991" xbr="551.3985516924402" ybr="107.12929453896541" outside="0" occluded="0" keyframe="1">
      <attribute name="walking_behavior">unknown</attribute>
      <attribute name="phone_usage">unknown</attribute>
      <attribute name="social_interaction">unknown</attribute>
      <attribute name="carrying_items">unknown</attribute>
      <attribute name="street_behavior">unknown</attribute>
      <attribute name="posture_gesture">unknown</attribute>
      <attribute name="clothing_style">unknown</attribute>
      <attribute name="time_context">unknown</attribute>
    </box>
    <box frame="7" xtl="454.96617234564724" ytl="0.07900516844241423" xbr="522.5251962140968" ybr="102.45813164821837" outside="0" occluded="0" keyframe="1">
      <attribute name="walking_behavior">unknown</attribute>
      <attribute name="phone_usage">unknown</attribute>
      <attribute name="social_interaction">unknown</attribute>
      <attribute name="carrying_items">unknown</attribute>
      <attribute name="street_behavior">unknown</attribute>
      <attribute name="posture_gesture">unknown</attribute>
      <attribute name="clothing_style">unknown</attribute>
      <attribute name="time_context">unknown</attribute>
    </box>
    <box frame="8" xtl="455.91355589335046" ytl="-0.05629992398475281" xbr="530.1501481795306" ybr="114.2747635385106" outside="0" occluded="0" keyframe="1">
      <attribute name="walking_behavior">unknown</attribute>
      <attribute name="phone_usage">unknown</attribute>
      <attribute name="social_interaction">unknown</attribute>
      <attribute name="carrying_items">unknown</attribute>
      <attribute name="street_behavior">unknown</attribute>
      <attribute name="posture_gesture">unknown</attribute>
      <attribute name="clothing_style">unknown</attribute>
      <attribute name="time_context">unknown</attribute>
    </box>
  </track>
  <track id="7984" label="person">
    <box frame="0" xtl="198.52490234375" ytl="10.52389907836914" xbr="251.14794921875" ybr="122.21804809570312" outside="0" occluded="0" keyframe="1">
      <attribute name="walking_behavior">unknown</attribute>
      <attribute name="phone_usage">unknown</attribute>
      <attribute name="social_interaction">unknown</attribute>
      <attribute name="carrying_items">unknown</attribute>
      <attribute name="street_behavior">unknown</attribute>
      <attribute name="posture_gesture">unknown</attribute>
      <attribute name="clothing_style">unknown</attribute>
      <attribute name="time_context">unknown</attribute>
    </box>
    <box frame="1" xtl="198.52490234375" ytl="10.52389907836914" xbr="251.14794921875" ybr="122.21804809570312" outside="1" occluded="0" keyframe="0">
      <attribute name="walking_behavior">unknown</attribute>
      <attribute name="phone_usage">unknown</attribute>
      <attribute name="social_interaction">unknown</attribute>
      <attribute name="carrying_items">unknown</attribute>
      <attribute name="street_behavior">unknown</attribute>
      <attribute name="posture_gesture">unknown</attribute>
      <attribute name="clothing_style">unknown</attribute>
      <attribute name="time_context">unknown</attribute>
    </box>
    <box frame="2" xtl="197.46826286135098" ytl="12.328109597429645" xbr="250.0210383730976" ybr="123.95116921504619" outside="0" occluded="0" keyframe="1">
      <attribute name="walking_behavior">unknown</attribute>
      <attribute name="phone_usage">unknown</attribute>
      <attribute name="social_interaction">unknown</attribute>
      <attribute name="carrying_items">unknown</attribute>
      <attribute name="street_behavior">unknown</attribute>
      <attribute name="posture_gesture">unknown</attribute>
      <attribute name="clothing_style">unknown</attribute>
      <attribute name="time_context">unknown</attribute>
    </box>
    <box frame="3" xtl="196.71855981942664" ytl="13.165709525475314" xbr="250.8319029263085" ybr="127.96777196834233" outside="0" occluded="0" keyframe="1">
      <attribute name="walking_behavior">unknown</attribute>
      <attribute name="phone_usage">unknown</attribute>
      <attribute name="social_interaction">unknown</attribute>
      <attribute name="carrying_items">unknown</attribute>
      <attribute name="street_behavior">unknown</attribute>
      <attribute name="posture_gesture">unknown</attribute>
      <attribute name="clothing_style">unknown</attribute>
      <attribute name="time_context">unknown</attribute>
    </box>
    <box frame="4" xtl="194.02909172445433" ytl="10.953806354337793" xbr="253.677778219574" ybr="137.7797226680274" outside="0" occluded="0" keyframe="1">
      <attribute name="walking_behavior">unknown</attribute>
      <attribute name="phone_usage">unknown</attribute>
      <attribute name="social_interaction">unknown</attribute>
      <attribute name="carrying_items">unknown</attribute>
      <attribute name="street_behavior">unknown</attribute>
      <attribute name="posture_gesture">unknown</attribute>
      <attribute name="clothing_style">unknown</attribute>
      <attribute name="time_context">unknown</attribute>
    </box>
    <box frame="5" xtl="194.95511619592642" ytl="11.562283427041457" xbr="251.87317413893473" ybr="131.87767008457473" outside="0" occluded="0" keyframe="1">
      <attribute name="walking_behavior">unknown</attribute>
      <attribute name="phone_usage">unknown</attribute>
      <attribute name="social_interaction">unknown</attribute>
      <attribute name="carrying_items">unknown</attribute>
      <attribute name="street_behavior">unknown</attribute>
      <attribute name="posture_gesture">unknown</attribute>
      <attribute name="clothing_style">unknown</attribute>
      <attribute name="time_context">unknown</attribute>
    </box>
    <box frame="6" xtl="196.61417575129792" ytl="14.124831640057238" xbr="253.03204687340946" ybr="133.126299251431" outside="0" occluded="0" keyframe="1">
      <attribute name="walking_behavior">unknown</attribute>
      <attribute name="phone_usage">unknown</attribute>
      <attribute name="social_interaction">unknown</attribute>
      <attribute name="carrying_items">unknown</attribute>
      <attribute name="street_behavior">unknown</attribute>
      <attribute name="posture_gesture">unknown</attribute>
      <attribute name="clothing_style">unknown</attribute>
      <attribute name="time_context">unknown</attribute>
    </box>
    <box frame="7" xtl="196.66984796941864" ytl="13.642285741269419" xbr="252.01976264726144" ybr="128.80176472491638" outside="0" occluded="0" keyframe="1">
      <attribute name="walking_behavior">unknown</attribute>
      <attribute name="phone_usage">unknown</attribute>
      <attribute name="social_interaction">unknown</attribute>
      <attribute name="carrying_items">unknown</attribute>
      <attribute name="street_behavior">unknown</attribute>
      <attribute name="posture_gesture">unknown</attribute>
      <attribute name="clothing_style">unknown</attribute>
      <attribute name="time_context">unknown</attribute>
    </box>
    <box frame="8" xtl="198.19772218283558" ytl="13.03790975199135" xbr="253.586387947356" ybr="126.80385260850511" outside="0" occluded="0" keyframe="1">
      <attribute name="walking_behavior">unknown</attribute>
      <attribute name="phone_usage">unknown</attribute>
      <attribute name="social_interaction">unknown</attribute>
      <attribute name="carrying_items">unknown</attribute>
      <attribute name="street_behavior">unknown</attribute>
      <attribute name="posture_gesture">unknown</attribute>
      <attribute name="clothing_style">unknown</attribute>
      <attribute name="time_context">unknown</attribute>
    </box>
    <box frame="9" xtl="193.9510715445435" ytl="10.522234493408902" xbr="251.43856316681257" ybr="127.83512196025082" outside="0" occluded="0" keyframe="1">
      <attribute name="walking_behavior">unknown</attribute>
      <attribute name="phone_usage">unknown</attribute>
      <attribute name="social_interaction">unknown</attribute>
      <attribute name="carrying_items">unknown</attribute>
      <attribute name="street_behavior">unknown</attribute>
      <attribute name="posture_gesture">unknown</attribute>
      <attribute name="clothing_style">unknown</attribute>
      <attribute name="time_context">unknown</attribute>
    </box>
    <box frame="10" xtl="196.43968508614012" ytl="14.973862847984748" xbr="249.35590563651127" ybr="122.29668446906535" outside="0" occluded="0" keyframe="1">
      <attribute name="walking_behavior">unknown</attribute>
      <attribute name="phone_usage">unknown</attribute>
      <attribute name="social_interaction">unknown</attribute>
      <attribute name="carrying_items">unknown</attribute>
      <attribute name="street_behavior">unknown</attribute>
      <attribute name="posture_gesture">unknown</attribute>
      <attribute name="clothing_style">unknown</attribute>
      <attribute name="time_context">unknown</attribute>
    </box>
    <box frame="11" xtl="193.55496842332155" ytl="12.671531640513088" xbr="254.3308165107247" ybr="136.897655575253" outside="0" occluded="0" keyframe="1">
      <attribute name="walking_behavior">unknown</attribute>
      <attribute name="phone_usage">unknown</attribute>
      <attribute name="social_interaction">unknown</attribute>
      <attribute name="carrying_items">unknown</attribute>
      <attribute name="street_behavior">unknown</attribute>
      <attribute name="posture_gesture">unknown</attribute>
      <attribute name="clothing_style">unknown</attribute>
      <attribute name="time_context">unknown</attribute>
    </box>
    <box frame="12" xtl="193.71087134169542" ytl="14.351948978922906" xbr="253.78024633455766" ybr="137.23510616541932" outside="0" occluded="0" keyframe="1">
      <attribute name="walking_behavior">unknown</attribute>
      <attribute name="phone_usage">unknown</attribute>
      <attribute name="social_interaction">unknown</attribute>
      <attribute name="carrying_items">unknown</attribute>
      <attribute name="street_behavior">unknown</attribute>
      <attribute name="posture_gesture">unknown</attribute>
      <attribute name="clothing_style">unknown</attribute>
      <attribute name="time_context">unknown</attribute>
    </box>
    <box frame="13" xtl="196.0225838849197" ytl="8.699613011603674" xbr="254.46620210533453" ybr="125.84471820794303" outside="0" occluded="0" keyframe="1">
      <attribute name="walking_behavior">unknown</attribute>
      <attribute name="phone_usage">unknown</attribute>
      <attribute name="social_interaction">unknown</attribute>
      <attribute name="carrying_items">unknown</attribute>
      <attribute name="street_behavior">unknown</attribute>
      <attribute name="posture_gesture">unknown</attribute>
      <attribute name="clothing_style">unknown</attribute>
      <attribute name="time_context">unknown</attribute>
    </box>
    <box frame="14" xtl="183.36125308306217" ytl="12.443996960018687" xbr="233.7163047960007" ybr="111.84382621096145" outside="0" occluded="0" keyframe="1">
      <attribute name="walking_behavior">unknown</attribute>
      <attribute name="phone_usage">unknown</attribute>
      <attribute name="social_interaction">unknown</attribute>
      <attribute name="carrying_items">unknown</attribute>
      <attribute name="street_behavior">unknown</attribute>
      <attribute name="posture_gesture">unknown</attribute>
      <attribute name="clothing_style">unknown</attribute>
      <attribute name="time_context">unknown</attribute>
    </box>
  </track>
  <track id="7987" label="person">
    <box frame="3" xtl="10.325510150272947" ytl="274.4115905761719" xbr="80.52038370959033" ybr="589.7687255859375" outside="0" occluded="0" keyframe="1">
      <attribute name="walking_behavior">unknown</attribute>
      <attribute name="phone_usage">unknown</attribute>
      <attribute name="social_interaction">unknown</attribute>
      <attribute name="carrying_items">unknown</attribute>
      <attribute name="street_behavior">unknown</attribute>
      <attribute name="posture_gesture">unknown</attribute>
      <attribute name="clothing_style">unknown</attribute>
      <attribute name="time_context">unknown</attribute>
    </box>
    <box frame="4" xtl="43.93657042556914" ytl="335.31060529171344" xbr="108.55240390762111" ybr="620.8324271075874" outside="0" occluded="0" keyframe="1">
      <attribute name="walking_behavior">unknown</attribute>
      <attribute name="phone_usage">unknown</attribute>
      <attribute name="social_interaction">unknown</attribute>
      <attribute name="carrying_items">unknown</attribute>
      <attribute name="street_behavior">unknown</attribute>
      <attribute name="posture_gesture">unknown</attribute>
      <attribute name="clothing_style">unknown</attribute>
      <attribute name="time_context">unknown</attribute>
    </box>
    <box frame="5" xtl="82.32706908458255" ytl="419.1691699172443" xbr="138.19452254404445" ybr="657.5300508758453" outside="0" occluded="0" keyframe="1">
      <attribute name="walking_behavior">unknown</attribute>
      <attribute name="phone_usage">unknown</attribute>
      <attribute name="social_interaction">unknown</attribute>
      <attribute name="carrying_items">unknown</attribute>
      <attribute name="street_behavior">unknown</attribute>
      <attribute name="posture_gesture">unknown</attribute>
      <attribute name="clothing_style">unknown</attribute>
      <attribute name="time_context">unknown</attribute>
    </box>
    <box frame="6" xtl="76.53320975039655" ytl="508.9756892321841" xbr="127.2315816318776" ybr="712.4062626038644" outside="0" occluded="0" keyframe="1">
      <attribute name="walking_behavior">unknown</attribute>
      <attribute name="phone_usage">unknown</attribute>
      <attribute name="social_interaction">unknown</attribute>
      <attribute name="carrying_items">unknown</attribute>
      <attribute name="street_behavior">unknown</attribute>
      <attribute name="posture_gesture">unknown</attribute>
      <attribute name="clothing_style">unknown</attribute>
      <attribute name="time_context">unknown</attribute>
    </box>
    <box frame="7" xtl="62.37541106191853" ytl="592.2664164190603" xbr="99.93985019586492" ybr="724.197011529364" outside="0" occluded="0" keyframe="1">
      <attribute name="walking_behavior">unknown</attribute>
      <attribute name="phone_usage">unknown</attribute>
      <attribute name="social_interaction">unknown</attribute>
      <attribute name="carrying_items">unknown</attribute>
      <attribute name="street_behavior">unknown</attribute>
      <attribute name="posture_gesture">unknown</attribute>
      <attribute name="clothing_style">unknown</attribute>
      <attribute name="time_context">unknown</attribute>
    </box>
  </track>
  <track id="7989" label="person">
    <box frame="3" xtl="936.2385399822556" ytl="0.35659561157226705" xbr="1006.3593359943069" ybr="99.46659545898439" outside="0" occluded="0" keyframe="1">
      <attribute name="walking_behavior">unknown</attribute>
      <attribute name="phone_usage">unknown</attribute>
      <attribute name="social_interaction">unknown</attribute>
      <attribute name="carrying_items">unknown</attribute>
      <attribute name="street_behavior">unknown</attribute>
      <attribute name="posture_gesture">unknown</attribute>
      <attribute name="clothing_style">unknown</attribute>
      <attribute name="time_context">unknown</attribute>
    </box>
    <box frame="4" xtl="925.9743599651295" ytl="-0.32176235225032457" xbr="990.044674261625" ybr="90.46930954078124" outside="0" occluded="0" keyframe="1">
      <attribute name="walking_behavior">unknown</attribute>
      <attribute name="phone_usage">unknown</attribute>
      <attribute name="social_interaction">unknown</attribute>
      <attribute name="carrying_items">unknown</attribute>
      <attribute name="street_behavior">unknown</attribute>
      <attribute name="posture_gesture">unknown</attribute>
      <attribute name="clothing_style">unknown</attribute>
      <attribute name="time_context">unknown</attribute>
    </box>
  </track>
  <track id="7990" label="person">
    <box frame="4" xtl="853.2087122701821" ytl="613.4709594726562" xbr="956.9734166360679" ybr="720.0996215820312" outside="0" occluded="0" keyframe="1">
      <attribute name="walking_behavior">unknown</attribute>
      <attribute name="phone_usage">unknown</attribute>
      <attribute name="social_interaction">unknown</attribute>
      <attribute name="carrying_items">unknown</attribute>
      <attribute name="street_behavior">unknown</attribute>
      <attribute name="posture_gesture">unknown</attribute>
      <attribute name="clothing_style">unknown</attribute>
      <attribute name="time_context">unknown</attribute>
    </box>
    <box frame="5" xtl="842.644857348162" ytl="626.7637071061184" xbr="932.8770840020278" ybr="718.7983215362235" outside="0" occluded="0" keyframe="1">
      <attribute name="walking_behavior">unknown</attribute>
      <attribute name="phone_usage">unknown</attribute>
      <attribute name="social_interaction">unknown</attribute>
      <attribute name="carrying_items">unknown</attribute>
      <attribute name="street_behavior">unknown</attribute>
      <attribute name="posture_gesture">unknown</attribute>
      <attribute name="clothing_style">unknown</attribute>
      <attribute name="time_context">unknown</attribute>
    </box>
  </track>
  <track id="7992" label="person">
    <box frame="4" xtl="187.72419312366304" ytl="12.946463012695318" xbr="256.88833129039944" ybr="274.5004638671875" outside="0" occluded="0" keyframe="1">
      <attribute name="walking_behavior">unknown</attribute>
      <attribute name="phone_usage">unknown</attribute>
      <attribute name="social_interaction">unknown</attribute>
      <attribute name="carrying_items">unknown</attribute>
      <attribute name="street_behavior">unknown</attribute>
      <attribute name="posture_gesture">unknown</attribute>
      <attribute name="clothing_style">unknown</attribute>
      <attribute name="time_context">unknown</attribute>
    </box>
    <box frame="5" xtl="187.5447949255011" ytl="10.418682464957982" xbr="256.55705129886877" ybr="271.48493361536305" outside="0" occluded="0" keyframe="1">
      <attribute name="walking_behavior">unknown</attribute>
      <attribute name="phone_usage">unknown</attribute>
      <attribute name="social_interaction">unknown</attribute>
      <attribute name="carrying_items">unknown</attribute>
      <attribute name="street_behavior">unknown</attribute>
      <attribute name="posture_gesture">unknown</attribute>
      <attribute name="clothing_style">unknown</attribute>
      <attribute name="time_context">unknown</attribute>
    </box>
    <box frame="6" xtl="194.41445257884263" ytl="18.816505438816108" xbr="260.1634970954684" ybr="267.9108548216826" outside="0" occluded="0" keyframe="1">
      <attribute name="walking_behavior">unknown</attribute>
      <attribute name="phone_usage">unknown</attribute>
      <attribute name="social_interaction">unknown</attribute>
      <attribute name="carrying_items">unknown</attribute>
      <attribute name="street_behavior">unknown</attribute>
      <attribute name="posture_gesture">unknown</attribute>
      <attribute name="clothing_style">unknown</attribute>
      <attribute name="time_context">unknown</attribute>
    </box>
    <box frame="7" xtl="187.94266416829106" ytl="19.92435743599023" xbr="255.9617745976573" ybr="276.8417661874586" outside="0" occluded="0" keyframe="1">
      <attribute name="walking_behavior">unknown</attribute>
      <attribute name="phone_usage">unknown</attribute>
      <attribute name="social_interaction">unknown</attribute>
      <attribute name="carrying_items">unknown</attribute>
      <attribute name="street_behavior">unknown</attribute>
      <attribute name="posture_gesture">unknown</attribute>
      <attribute name="clothing_style">unknown</attribute>
      <attribute name="time_context">unknown</attribute>
    </box>
    <box frame="8" xtl="187.94266416829106" ytl="19.92435743599023" xbr="255.9617745976573" ybr="276.8417661874586" outside="1" occluded="0" keyframe="0">
      <attribute name="walking_behavior">unknown</attribute>
      <attribute name="phone_usage">unknown</attribute>
      <attribute name="social_interaction">unknown</attribute>
      <attribute name="carrying_items">unknown</attribute>
      <attribute name="street_behavior">unknown</attribute>
      <attribute name="posture_gesture">unknown</attribute>
      <attribute name="clothing_style">unknown</attribute>
      <attribute name="time_context">unknown</attribute>
    </box>
    <box frame="9" xtl="187.94266416829106" ytl="19.92435743599023" xbr="255.9617745976573" ybr="276.8417661874586" outside="1" occluded="0" keyframe="0">
      <attribute name="walking_behavior">unknown</attribute>
      <attribute name="phone_usage">unknown</attribute>
      <attribute name="social_interaction">unknown</attribute>
      <attribute name="carrying_items">unknown</attribute>
      <attribute name="street_behavior">unknown</attribute>
      <attribute name="posture_gesture">unknown</attribute>
      <attribute name="clothing_style">unknown</attribute>
      <attribute name="time_context">unknown</attribute>
    </box>
    <box frame="10" xtl="187.94266416829106" ytl="19.92435743599023" xbr="255.9617745976573" ybr="276.8417661874586" outside="1" occluded="0" keyframe="0">
      <attribute name="walking_behavior">unknown</attribute>
      <attribute name="phone_usage">unknown</attribute>
      <attribute name="social_interaction">unknown</attribute>
      <attribute name="carrying_items">unknown</attribute>
      <attribute name="street_behavior">unknown</attribute>
      <attribute name="posture_gesture">unknown</attribute>
      <attribute name="clothing_style">unknown</attribute>
      <attribute name="time_context">unknown</attribute>
    </box>
    <box frame="11" xtl="193.87723916490603" ytl="17.813665849888068" xbr="255.96329936247048" ybr="252.76059288088663" outside="0" occluded="0" keyframe="1">
      <attribute name="walking_behavior">unknown</attribute>
      <attribute name="phone_usage">unknown</attribute>
      <attribute name="social_interaction">unknown</attribute>
      <attribute name="carrying_items">unknown</attribute>
      <attribute name="street_behavior">unknown</attribute>
      <attribute name="posture_gesture">unknown</attribute>
      <attribute name="clothing_style">unknown</attribute>
      <attribute name="time_context">unknown</attribute>
    </box>
    <box frame="12" xtl="195.56476896658398" ytl="17.43783963539508" xbr="253.46346397666662" ybr="235.60256242678219" outside="0" occluded="0" keyframe="1">
      <attribute name="walking_behavior">unknown</attribute>
      <attribute name="phone_usage">unknown</attribute>
      <attribute name="social_interaction">unknown</attribute>
      <attribute name="carrying_items">unknown</attribute>
      <attribute name="street_behavior">unknown</attribute>
      <attribute name="posture_gesture">unknown</attribute>
      <attribute name="clothing_style">unknown</attribute>
      <attribute name="time_context">unknown</attribute>
    </box>
    <box frame="13" xtl="215.50217018569572" ytl="9.797965199619682" xbr="259.08070664267893" ybr="157.2052876778535" outside="0" occluded="0" keyframe="1">
      <attribute name="walking_behavior">unknown</attribute>
      <attribute name="phone_usage">unknown</attribute>
      <attribute name="social_interaction">unknown</attribute>
      <attribute name="carrying_items">unknown</attribute>
      <attribute name="street_behavior">unknown</attribute>
      <attribute name="posture_gesture">unknown</attribute>
      <attribute name="clothing_style">unknown</attribute>
      <attribute name="time_context">unknown</attribute>
    </box>
    <box frame="14" xtl="231.0859805198105" ytl="16.24809867385523" xbr="267.28747955910575" ybr="129.6593569391808" outside="0" occluded="0" keyframe="1">
      <attribute name="walking_behavior">unknown</attribute>
      <attribute name="phone_usage">unknown</attribute>
      <attribute name="social_interaction">unknown</attribute>
      <attribute name="carrying_items">unknown</attribute>
      <attribute name="street_behavior">unknown</attribute>
      <attribute name="posture_gesture">unknown</attribute>
      <attribute name="clothing_style">unknown</attribute>
      <attribute name="time_context">unknown</attribute>
    </box>
  </track>
  <track id="7993" label="person">
    <box frame="5" xtl="624.6905349146014" ytl="0.5876686096191364" xbr="679.1219162572737" ybr="114.72246398925782" outside="0" occluded="0" keyframe="1">
      <attribute name="walking_behavior">unknown</attribute>
      <attribute name="phone_usage">unknown</attribute>
      <attribute name="social_interaction">unknown</attribute>
      <attribute name="carrying_items">unknown</attribute>
      <attribute name="street_behavior">unknown</attribute>
      <attribute name="posture_gesture">unknown</attribute>
      <attribute name="clothing_style">unknown</attribute>
      <attribute name="time_context">unknown</attribute>
    </box>
    <box frame="6" xtl="624.6905349146014" ytl="0.5876686096191364" xbr="679.1219162572737" ybr="114.72246398925782" outside="1" occluded="0" keyframe="0">
      <attribute name="walking_behavior">unknown</attribute>
      <attribute name="phone_usage">unknown</attribute>
      <attribute name="social_interaction">unknown</attribute>
      <attribute name="carrying_items">unknown</attribute>
      <attribute name="street_behavior">unknown</attribute>
      <attribute name="posture_gesture">unknown</attribute>
      <attribute name="clothing_style">unknown</attribute>
      <attribute name="time_context">unknown</attribute>
    </box>
    <box frame="7" xtl="617.4207238492687" ytl="1.3110323107043982" xbr="672.0267913052044" ybr="115.01357483201727" outside="0" occluded="0" keyframe="1">
      <attribute name="walking_behavior">unknown</attribute>
      <attribute name="phone_usage">unknown</attribute>
      <attribute name="social_interaction">unknown</attribute>
      <attribute name="carrying_items">unknown</attribute>
      <attribute name="street_behavior">unknown</attribute>
      <attribute name="posture_gesture">unknown</attribute>
      <attribute name="clothing_style">unknown</attribute>
      <attribute name="time_context">unknown</attribute>
    </box>
  </track>
  <track id="7999" label="person">
    <box frame="7" xtl="196.67345486456375" ytl="14.497465515136724" xbr="254.88859957879563" ybr="190.0240234375" outside="0" occluded="0" keyframe="1">
      <attribute name="walking_behavior">unknown</attribute>
      <attribute name="phone_usage">unknown</attribute>
      <attribute name="social_interaction">unknown</attribute>
      <attribute name="carrying_items">unknown</attribute>
      <attribute name="street_behavior">unknown</attribute>
      <attribute name="posture_gesture">unknown</attribute>
      <attribute name="clothing_style">unknown</attribute>
      <attribute name="time_context">unknown</attribute>
    </box>
    <box frame="8" xtl="207.86733097757053" ytl="4.944024512261386" xbr="246.02631314865965" ybr="117.20613369860678" outside="0" occluded="0" keyframe="1">
      <attribute name="walking_behavior">unknown</attribute>
      <attribute name="phone_usage">unknown</attribute>
      <attribute name="social_interaction">unknown</attribute>
      <attribute name="carrying_items">unknown</attribute>
      <attribute name="street_behavior">unknown</attribute>
      <attribute name="posture_gesture">unknown</attribute>
      <attribute name="clothing_style">unknown</attribute>
      <attribute name="time_context">unknown</attribute>
    </box>
  </track>
  <track id="8000" label="person">
    <box frame="7" xtl="875.8952054729937" ytl="-0.04444618225097585" xbr="919.8758150348189" ybr="60.802424621582034" outside="0" occluded="0" keyframe="1">
      <attribute name="walking_behavior">unknown</attribute>
      <attribute name="phone_usage">unknown</attribute>
      <attribute name="social_interaction">unknown</attribute>
      <attribute name="carrying_items">unknown</attribute>
      <attribute name="street_behavior">unknown</attribute>
      <attribute name="posture_gesture">unknown</attribute>
      <attribute name="clothing_style">unknown</attribute>
      <attribute name="time_context">unknown</attribute>
    </box>
    <box frame="8" xtl="874.9217608232382" ytl="-0.30573306227990216" xbr="919.1414491995693" ybr="61.074540507944675" outside="0" occluded="0" keyframe="1">
      <attribute name="walking_behavior">unknown</attribute>
      <attribute name="phone_usage">unknown</attribute>
      <attribute name="social_interaction">unknown</attribute>
      <attribute name="carrying_items">unknown</attribute>
      <attribute name="street_behavior">unknown</attribute>
      <attribute name="posture_gesture">unknown</attribute>
      <attribute name="clothing_style">unknown</attribute>
      <attribute name="time_context">unknown</attribute>
    </box>
    <box frame="9" xtl="874.523210252798" ytl="-0.10431563306626046" xbr="918.493451082954" ybr="61.20077109969961" outside="0" occluded="0" keyframe="1">
      <attribute name="walking_behavior">unknown</attribute>
      <attribute name="phone_usage">unknown</attribute>
      <attribute name="social_interaction">unknown</attribute>
      <attribute name="carrying_items">unknown</attribute>
      <attribute name="street_behavior">unknown</attribute>
      <attribute name="posture_gesture">unknown</attribute>
      <attribute name="clothing_style">unknown</attribute>
      <attribute name="time_context">unknown</attribute>
    </box>
    <box frame="10" xtl="874.4535446439243" ytl="-0.15589449427421087" xbr="918.3208120796668" ybr="61.331177771372225" outside="0" occluded="0" keyframe="1">
      <attribute name="walking_behavior">unknown</attribute>
      <attribute name="phone_usage">unknown</attribute>
      <attribute name="social_interaction">unknown</attribute>
      <attribute name="carrying_items">unknown</attribute>
      <attribute name="street_behavior">unknown</attribute>
      <attribute name="posture_gesture">unknown</attribute>
      <attribute name="clothing_style">unknown</attribute>
      <attribute name="time_context">unknown</attribute>
    </box>
    <box frame="11" xtl="874.6150244822319" ytl="-0.30394110810494723" xbr="918.3130206868772" ybr="61.426610186975864" outside="0" occluded="0" keyframe="1">
      <attribute name="walking_behavior">unknown</attribute>
      <attribute name="phone_usage">unknown</attribute>
      <attribute name="social_interaction">unknown</attribute>
      <attribute name="carrying_items">unknown</attribute>
      <attribute name="street_behavior">unknown</attribute>
      <attribute name="posture_gesture">unknown</attribute>
      <attribute name="clothing_style">unknown</attribute>
      <attribute name="time_context">unknown</attribute>
    </box>
    <box frame="12" xtl="877.2827987519701" ytl="-0.10909229524597208" xbr="921.0499375013769" ybr="61.68391739442071" outside="0" occluded="0" keyframe="1">
      <attribute name="walking_behavior">unknown</attribute>
      <attribute name="phone_usage">unknown</attribute>
      <attribute name="social_interaction">unknown</attribute>
      <attribute name="carrying_items">unknown</attribute>
      <attribute name="street_behavior">unknown</attribute>
      <attribute name="posture_gesture">unknown</attribute>
      <attribute name="clothing_style">unknown</attribute>
      <attribute name="time_context">unknown</attribute>
    </box>
    <box frame="13" xtl="875.9530980896728" ytl="-0.23372545266712308" xbr="919.1357937008775" ybr="61.305986443236215" outside="0" occluded="0" keyframe="1">
      <attribute name="walking_behavior">unknown</attribute>
      <attribute name="phone_usage">unknown</attribute>
      <attribute name="social_interaction">unknown</attribute>
      <attribute name="carrying_items">unknown</attribute>
      <attribute name="street_behavior">unknown</attribute>
      <attribute name="posture_gesture">unknown</attribute>
      <attribute name="clothing_style">unknown</attribute>
      <attribute name="time_context">unknown</attribute>
    </box>
    <box frame="14" xtl="875.9801473231113" ytl="-0.07147069404420492" xbr="918.4556066797618" ybr="61.05808261052459" outside="0" occluded="0" keyframe="1">
      <attribute name="walking_behavior">unknown</attribute>
      <attribute name="phone_usage">unknown</attribute>
      <attribute name="social_interaction">unknown</attribute>
      <attribute name="carrying_items">unknown</attribute>
      <attribute name="street_behavior">unknown</attribute>
      <attribute name="posture_gesture">unknown</attribute>
      <attribute name="clothing_style">unknown</attribute>
      <attribute name="time_context">unknown</attribute>
    </box>
  </track>
  <track id="8003" label="person">
    <box frame="8" xtl="526.6130484965843" ytl="0.32565040588378835" xbr="562.7834847065408" ybr="57.08143310546875" outside="0" occluded="0" keyframe="1">
      <attribute name="walking_behavior">unknown</attribute>
      <attribute name="phone_usage">unknown</attribute>
      <attribute name="social_interaction">unknown</attribute>
      <attribute name="carrying_items">unknown</attribute>
      <attribute name="street_behavior">unknown</attribute>
      <attribute name="posture_gesture">unknown</attribute>
      <attribute name="clothing_style">unknown</attribute>
      <attribute name="time_context">unknown</attribute>
    </box>
    <box frame="9" xtl="522.6272873241722" ytl="0.4958353542661378" xbr="562.0348277910819" ybr="62.05822764829726" outside="0" occluded="0" keyframe="1">
      <attribute name="walking_behavior">unknown</attribute>
      <attribute name="phone_usage">unknown</attribute>
      <attribute name="social_interaction">unknown</attribute>
      <attribute name="carrying_items">unknown</attribute>
      <attribute name="street_behavior">unknown</attribute>
      <attribute name="posture_gesture">unknown</attribute>
      <attribute name="clothing_style">unknown</attribute>
      <attribute name="time_context">unknown</attribute>
    </box>
    <box frame="10" xtl="515.8942447131673" ytl="0.4996501793706791" xbr="556.2171357348443" ybr="63.3973173592058" outside="0" occluded="0" keyframe="1">
      <attribute name="walking_behavior">unknown</attribute>
      <attribute name="phone_usage">unknown</attribute>
      <attribute name="social_interaction">unknown</attribute>
      <attribute name="carrying_items">unknown</attribute>
      <attribute name="street_behavior">unknown</attribute>
      <attribute name="posture_gesture">unknown</attribute>
      <attribute name="clothing_style">unknown</attribute>
      <attribute name="time_context">unknown</attribute>
    </box>
    <box frame="11" xtl="519.4641079630305" ytl="0.3526544995596055" xbr="560.5882930119888" ybr="64.38413222024327" outside="0" occluded="0" keyframe="1">
      <attribute name="walking_behavior">unknown</attribute>
      <attribute name="phone_usage">unknown</attribute>
      <attribute name="social_interaction">unknown</attribute>
      <attribute name="carrying_items">unknown</attribute>
      <attribute name="street_behavior">unknown</attribute>
      <attribute name="posture_gesture">unknown</attribute>
      <attribute name="clothing_style">unknown</attribute>
      <attribute name="time_context">unknown</attribute>
    </box>
    <box frame="12" xtl="522.4847293072575" ytl="0.2334280090946308" xbr="565.9098560788461" ybr="67.41552991178321" outside="0" occluded="0" keyframe="1">
      <attribute name="walking_behavior">unknown</attribute>
      <attribute name="phone_usage">unknown</attribute>
      <attribute name="social_interaction">unknown</attribute>
      <attribute name="carrying_items">unknown</attribute>
      <attribute name="street_behavior">unknown</attribute>
      <attribute name="posture_gesture">unknown</attribute>
      <attribute name="clothing_style">unknown</attribute>
      <attribute name="time_context">unknown</attribute>
    </box>
    <box frame="13" xtl="515.440244952333" ytl="0.48090016461345897" xbr="559.057586917778" ybr="67.55541855472329" outside="0" occluded="0" keyframe="1">
      <attribute name="walking_behavior">unknown</attribute>
      <attribute name="phone_usage">unknown</attribute>
      <attribute name="social_interaction">unknown</attribute>
      <attribute name="carrying_items">unknown</attribute>
      <attribute name="street_behavior">unknown</attribute>
      <attribute name="posture_gesture">unknown</attribute>
      <attribute name="clothing_style">unknown</attribute>
      <attribute name="time_context">unknown</attribute>
    </box>
    <box frame="14" xtl="511.31984725698914" ytl="0.42481458732764565" xbr="554.6864332063616" ybr="66.89578342048874" outside="0" occluded="0" keyframe="1">
      <attribute name="walking_behavior">unknown</attribute>
      <attribute name="phone_usage">unknown</attribute>
      <attribute name="social_interaction">unknown</attribute>
      <attribute name="carrying_items">unknown</attribute>
      <attribute name="street_behavior">unknown</attribute>
      <attribute name="posture_gesture">unknown</attribute>
      <attribute name="clothing_style">unknown</attribute>
      <attribute name="time_context">unknown</attribute>
    </box>
  </track>
</annotations>
