<?xml version="1.0" ?>
<annotations>
  <version>1.1</version>
  <meta>
    <task>
      <id>0</id>
      <name>3_clip_002</name>
      <size>15</size>
      <mode>interpolation</mode>
      <overlap>0</overlap>
      <original_size>
        <width>1280</width>
        <height>720</height>
      </original_size>
      <labels>
        <label>
          <name>person</name>
          <color>#ff0000</color>
          <attributes>
            <attribute>
              <name>walking_behavior</name>
              <mutable>true</mutable>
              <input_type>select</input_type>
              <default_value>unknown</default_value>
              <values>unknown
normal_walk
fast_walk
slow_walk
standing_still
jogging
window_shopping</values>
            </attribute>
            <attribute>
              <name>phone_usage</name>
              <mutable>true</mutable>
              <input_type>select</input_type>
              <default_value>unknown</default_value>
              <values>unknown
no_phone
talking_phone
texting
taking_photo
listening_music</values>
            </attribute>
            <attribute>
              <name>social_interaction</name>
              <mutable>true</mutable>
              <input_type>select</input_type>
              <default_value>unknown</default_value>
              <values>unknown
alone
talking_companion
group_walking
greeting_someone
asking_directions
avoiding_crowd</values>
            </attribute>
            <attribute>
              <name>carrying_items</name>
              <mutable>true</mutable>
              <input_type>select</input_type>
              <default_value>unknown</default_value>
              <values>unknown
empty_hands
shopping_bags
backpack
briefcase_bag
umbrella
food_drink
multiple_items</values>
            </attribute>
            <attribute>
              <name>street_behavior</name>
              <mutable>true</mutable>
              <input_type>select</input_type>
              <default_value>unknown</default_value>
              <values>unknown
sidewalk_walking
crossing_street
waiting_signal
looking_around
checking_map
entering_building
exiting_building</values>
            </attribute>
            <attribute>
              <name>posture_gesture</name>
              <mutable>true</mutable>
              <input_type>select</input_type>
              <default_value>unknown</default_value>
              <values>unknown
upright_normal
looking_down
looking_up
hands_in_pockets
arms_crossed
pointing_gesture
bowing_gesture</values>
            </attribute>
            <attribute>
              <name>clothing_style</name>
              <mutable>true</mutable>
              <input_type>select</input_type>
              <default_value>unknown</default_value>
              <values>unknown
business_attire
casual_wear
tourist_style
school_uniform
sports_wear
traditional_wear</values>
            </attribute>
            <attribute>
              <name>time_context</name>
              <mutable>true</mutable>
              <input_type>select</input_type>
              <default_value>unknown</default_value>
              <values>unknown
rush_hour
leisure_time
shopping_time
tourist_hours
lunch_break
evening_stroll</values>
            </attribute>
          </attributes>
        </label>
      </labels>
    </task>
  </meta>
  <track id="6511" label="person">
    <box frame="0" xtl="1057.5357666015625" ytl="-0.136199951171875" xbr="1156.8026123046875" ybr="217.19454956054688" outside="0" occluded="0" keyframe="1">
      <attribute name="walking_behavior">unknown</attribute>
      <attribute name="phone_usage">unknown</attribute>
      <attribute name="social_interaction">unknown</attribute>
      <attribute name="carrying_items">unknown</attribute>
      <attribute name="street_behavior">unknown</attribute>
      <attribute name="posture_gesture">unknown</attribute>
      <attribute name="clothing_style">unknown</attribute>
      <attribute name="time_context">unknown</attribute>
    </box>
    <box frame="1" xtl="1059.2255272675511" ytl="0.22389832804026355" xbr="1158.7025662564674" ybr="217.99402057237862" outside="0" occluded="0" keyframe="1">
      <attribute name="walking_behavior">unknown</attribute>
      <attribute name="phone_usage">unknown</attribute>
      <attribute name="social_interaction">unknown</attribute>
      <attribute name="carrying_items">unknown</attribute>
      <attribute name="street_behavior">unknown</attribute>
      <attribute name="posture_gesture">unknown</attribute>
      <attribute name="clothing_style">unknown</attribute>
      <attribute name="time_context">unknown</attribute>
    </box>
    <box frame="2" xtl="1063.2321932169846" ytl="1.9563395760923186" xbr="1162.0482768981801" ybr="218.80222264588636" outside="0" occluded="0" keyframe="1">
      <attribute name="walking_behavior">unknown</attribute>
      <attribute name="phone_usage">unknown</attribute>
      <attribute name="social_interaction">unknown</attribute>
      <attribute name="carrying_items">unknown</attribute>
      <attribute name="street_behavior">unknown</attribute>
      <attribute name="posture_gesture">unknown</attribute>
      <attribute name="clothing_style">unknown</attribute>
      <attribute name="time_context">unknown</attribute>
    </box>
    <box frame="3" xtl="1059.5832781342203" ytl="1.0760624619175019" xbr="1158.5402765155645" ybr="218.2991789165398" outside="0" occluded="0" keyframe="1">
      <attribute name="walking_behavior">unknown</attribute>
      <attribute name="phone_usage">unknown</attribute>
      <attribute name="social_interaction">unknown</attribute>
      <attribute name="carrying_items">unknown</attribute>
      <attribute name="street_behavior">unknown</attribute>
      <attribute name="posture_gesture">unknown</attribute>
      <attribute name="clothing_style">unknown</attribute>
      <attribute name="time_context">unknown</attribute>
    </box>
    <box frame="4" xtl="1072.6700193268027" ytl="0.11187276995491402" xbr="1172.7087726836185" ybr="219.82970231567012" outside="0" occluded="0" keyframe="1">
      <attribute name="walking_behavior">unknown</attribute>
      <attribute name="phone_usage">unknown</attribute>
      <attribute name="social_interaction">unknown</attribute>
      <attribute name="carrying_items">unknown</attribute>
      <attribute name="street_behavior">unknown</attribute>
      <attribute name="posture_gesture">unknown</attribute>
      <attribute name="clothing_style">unknown</attribute>
      <attribute name="time_context">unknown</attribute>
    </box>
    <box frame="5" xtl="1068.1657909690002" ytl="-0.14403258699792332" xbr="1167.380160901328" ybr="217.994977856206" outside="0" occluded="0" keyframe="1">
      <attribute name="walking_behavior">unknown</attribute>
      <attribute name="phone_usage">unknown</attribute>
      <attribute name="social_interaction">unknown</attribute>
      <attribute name="carrying_items">unknown</attribute>
      <attribute name="street_behavior">unknown</attribute>
      <attribute name="posture_gesture">unknown</attribute>
      <attribute name="clothing_style">unknown</attribute>
      <attribute name="time_context">unknown</attribute>
    </box>
    <box frame="6" xtl="1066.5230118122333" ytl="0.4641297480972071" xbr="1164.1118148366002" ybr="215.23986848034275" outside="0" occluded="0" keyframe="1">
      <attribute name="walking_behavior">unknown</attribute>
      <attribute name="phone_usage">unknown</attribute>
      <attribute name="social_interaction">unknown</attribute>
      <attribute name="carrying_items">unknown</attribute>
      <attribute name="street_behavior">unknown</attribute>
      <attribute name="posture_gesture">unknown</attribute>
      <attribute name="clothing_style">unknown</attribute>
      <attribute name="time_context">unknown</attribute>
    </box>
    <box frame="7" xtl="1067.4596194108374" ytl="1.538527938367892" xbr="1161.2356861154044" ybr="206.87608927723153" outside="0" occluded="0" keyframe="1">
      <attribute name="walking_behavior">unknown</attribute>
      <attribute name="phone_usage">unknown</attribute>
      <attribute name="social_interaction">unknown</attribute>
      <attribute name="carrying_items">unknown</attribute>
      <attribute name="street_behavior">unknown</attribute>
      <attribute name="posture_gesture">unknown</attribute>
      <attribute name="clothing_style">unknown</attribute>
      <attribute name="time_context">unknown</attribute>
    </box>
    <box frame="8" xtl="1059.186490032026" ytl="2.1865544671985333" xbr="1151.690661219359" ybr="203.72497919127235" outside="0" occluded="0" keyframe="1">
      <attribute name="walking_behavior">unknown</attribute>
      <attribute name="phone_usage">unknown</attribute>
      <attribute name="social_interaction">unknown</attribute>
      <attribute name="carrying_items">unknown</attribute>
      <attribute name="street_behavior">unknown</attribute>
      <attribute name="posture_gesture">unknown</attribute>
      <attribute name="clothing_style">unknown</attribute>
      <attribute name="time_context">unknown</attribute>
    </box>
    <box frame="9" xtl="1056.1437803238775" ytl="1.397144915924244" xbr="1150.6885787721192" ybr="205.346169533202" outside="0" occluded="0" keyframe="1">
      <attribute name="walking_behavior">unknown</attribute>
      <attribute name="phone_usage">unknown</attribute>
      <attribute name="social_interaction">unknown</attribute>
      <attribute name="carrying_items">unknown</attribute>
      <attribute name="street_behavior">unknown</attribute>
      <attribute name="posture_gesture">unknown</attribute>
      <attribute name="clothing_style">unknown</attribute>
      <attribute name="time_context">unknown</attribute>
    </box>
    <box frame="10" xtl="1059.4139178709413" ytl="1.867016165835011" xbr="1153.0481725356715" ybr="205.6366056600474" outside="0" occluded="0" keyframe="1">
      <attribute name="walking_behavior">unknown</attribute>
      <attribute name="phone_usage">unknown</attribute>
      <attribute name="social_interaction">unknown</attribute>
      <attribute name="carrying_items">unknown</attribute>
      <attribute name="street_behavior">unknown</attribute>
      <attribute name="posture_gesture">unknown</attribute>
      <attribute name="clothing_style">unknown</attribute>
      <attribute name="time_context">unknown</attribute>
    </box>
    <box frame="11" xtl="1061.909171328472" ytl="1.150835529323416" xbr="1154.828935713305" ybr="204.80553929185768" outside="0" occluded="0" keyframe="1">
      <attribute name="walking_behavior">unknown</attribute>
      <attribute name="phone_usage">unknown</attribute>
      <attribute name="social_interaction">unknown</attribute>
      <attribute name="carrying_items">unknown</attribute>
      <attribute name="street_behavior">unknown</attribute>
      <attribute name="posture_gesture">unknown</attribute>
      <attribute name="clothing_style">unknown</attribute>
      <attribute name="time_context">unknown</attribute>
    </box>
    <box frame="12" xtl="1084.3290458563454" ytl="-0.95537396584605" xbr="1175.8099394654053" ybr="203.1022132457921" outside="0" occluded="0" keyframe="1">
      <attribute name="walking_behavior">unknown</attribute>
      <attribute name="phone_usage">unknown</attribute>
      <attribute name="social_interaction">unknown</attribute>
      <attribute name="carrying_items">unknown</attribute>
      <attribute name="street_behavior">unknown</attribute>
      <attribute name="posture_gesture">unknown</attribute>
      <attribute name="clothing_style">unknown</attribute>
      <attribute name="time_context">unknown</attribute>
    </box>
    <box frame="13" xtl="1119.4652584880841" ytl="-2.877532735382303" xbr="1209.322071550639" ybr="198.33795536276472" outside="0" occluded="0" keyframe="1">
      <attribute name="walking_behavior">unknown</attribute>
      <attribute name="phone_usage">unknown</attribute>
      <attribute name="social_interaction">unknown</attribute>
      <attribute name="carrying_items">unknown</attribute>
      <attribute name="street_behavior">unknown</attribute>
      <attribute name="posture_gesture">unknown</attribute>
      <attribute name="clothing_style">unknown</attribute>
      <attribute name="time_context">unknown</attribute>
    </box>
    <box frame="14" xtl="1149.6973497063898" ytl="-2.5338408907826846" xbr="1238.1618987002478" ybr="198.18394593862587" outside="0" occluded="0" keyframe="1">
      <attribute name="walking_behavior">unknown</attribute>
      <attribute name="phone_usage">unknown</attribute>
      <attribute name="social_interaction">unknown</attribute>
      <attribute name="carrying_items">unknown</attribute>
      <attribute name="street_behavior">unknown</attribute>
      <attribute name="posture_gesture">unknown</attribute>
      <attribute name="clothing_style">unknown</attribute>
      <attribute name="time_context">unknown</attribute>
    </box>
  </track>
  <track id="6512" label="person">
    <box frame="0" xtl="852.9813842773438" ytl="0.08860015869140625" xbr="899.4024047851562" ybr="93.62137603759766" outside="0" occluded="0" keyframe="1">
      <attribute name="walking_behavior">unknown</attribute>
      <attribute name="phone_usage">unknown</attribute>
      <attribute name="social_interaction">unknown</attribute>
      <attribute name="carrying_items">unknown</attribute>
      <attribute name="street_behavior">unknown</attribute>
      <attribute name="posture_gesture">unknown</attribute>
      <attribute name="clothing_style">unknown</attribute>
      <attribute name="time_context">unknown</attribute>
    </box>
    <box frame="1" xtl="851.2410539278873" ytl="0.5133646500012148" xbr="897.4710316383577" ybr="93.7999123817633" outside="0" occluded="0" keyframe="1">
      <attribute name="walking_behavior">unknown</attribute>
      <attribute name="phone_usage">unknown</attribute>
      <attribute name="social_interaction">unknown</attribute>
      <attribute name="carrying_items">unknown</attribute>
      <attribute name="street_behavior">unknown</attribute>
      <attribute name="posture_gesture">unknown</attribute>
      <attribute name="clothing_style">unknown</attribute>
      <attribute name="time_context">unknown</attribute>
    </box>
    <box frame="2" xtl="853.0389587821273" ytl="0.5683597418605117" xbr="899.1252500247087" ybr="93.63521824553254" outside="0" occluded="0" keyframe="1">
      <attribute name="walking_behavior">unknown</attribute>
      <attribute name="phone_usage">unknown</attribute>
      <attribute name="social_interaction">unknown</attribute>
      <attribute name="carrying_items">unknown</attribute>
      <attribute name="street_behavior">unknown</attribute>
      <attribute name="posture_gesture">unknown</attribute>
      <attribute name="clothing_style">unknown</attribute>
      <attribute name="time_context">unknown</attribute>
    </box>
    <box frame="3" xtl="853.0389587821273" ytl="0.5683597418605117" xbr="899.1252500247087" ybr="93.63521824553254" outside="1" occluded="0" keyframe="0">
      <attribute name="walking_behavior">unknown</attribute>
      <attribute name="phone_usage">unknown</attribute>
      <attribute name="social_interaction">unknown</attribute>
      <attribute name="carrying_items">unknown</attribute>
      <attribute name="street_behavior">unknown</attribute>
      <attribute name="posture_gesture">unknown</attribute>
      <attribute name="clothing_style">unknown</attribute>
      <attribute name="time_context">unknown</attribute>
    </box>
    <box frame="4" xtl="853.0389587821273" ytl="0.5683597418605117" xbr="899.1252500247087" ybr="93.63521824553254" outside="1" occluded="0" keyframe="0">
      <attribute name="walking_behavior">unknown</attribute>
      <attribute name="phone_usage">unknown</attribute>
      <attribute name="social_interaction">unknown</attribute>
      <attribute name="carrying_items">unknown</attribute>
      <attribute name="street_behavior">unknown</attribute>
      <attribute name="posture_gesture">unknown</attribute>
      <attribute name="clothing_style">unknown</attribute>
      <attribute name="time_context">unknown</attribute>
    </box>
    <box frame="5" xtl="853.0389587821273" ytl="0.5683597418605117" xbr="899.1252500247087" ybr="93.63521824553254" outside="1" occluded="0" keyframe="0">
      <attribute name="walking_behavior">unknown</attribute>
      <attribute name="phone_usage">unknown</attribute>
      <attribute name="social_interaction">unknown</attribute>
      <attribute name="carrying_items">unknown</attribute>
      <attribute name="street_behavior">unknown</attribute>
      <attribute name="posture_gesture">unknown</attribute>
      <attribute name="clothing_style">unknown</attribute>
      <attribute name="time_context">unknown</attribute>
    </box>
    <box frame="6" xtl="853.0389587821273" ytl="0.5683597418605117" xbr="899.1252500247087" ybr="93.63521824553254" outside="1" occluded="0" keyframe="0">
      <attribute name="walking_behavior">unknown</attribute>
      <attribute name="phone_usage">unknown</attribute>
      <attribute name="social_interaction">unknown</attribute>
      <attribute name="carrying_items">unknown</attribute>
      <attribute name="street_behavior">unknown</attribute>
      <attribute name="posture_gesture">unknown</attribute>
      <attribute name="clothing_style">unknown</attribute>
      <attribute name="time_context">unknown</attribute>
    </box>
    <box frame="7" xtl="853.0389587821273" ytl="0.5683597418605117" xbr="899.1252500247087" ybr="93.63521824553254" outside="1" occluded="0" keyframe="0">
      <attribute name="walking_behavior">unknown</attribute>
      <attribute name="phone_usage">unknown</attribute>
      <attribute name="social_interaction">unknown</attribute>
      <attribute name="carrying_items">unknown</attribute>
      <attribute name="street_behavior">unknown</attribute>
      <attribute name="posture_gesture">unknown</attribute>
      <attribute name="clothing_style">unknown</attribute>
      <attribute name="time_context">unknown</attribute>
    </box>
    <box frame="8" xtl="867.1012004477217" ytl="0.4342650530499128" xbr="922.2856784935173" ybr="110.6240390121032" outside="0" occluded="0" keyframe="1">
      <attribute name="walking_behavior">unknown</attribute>
      <attribute name="phone_usage">unknown</attribute>
      <attribute name="social_interaction">unknown</attribute>
      <attribute name="carrying_items">unknown</attribute>
      <attribute name="street_behavior">unknown</attribute>
      <attribute name="posture_gesture">unknown</attribute>
      <attribute name="clothing_style">unknown</attribute>
      <attribute name="time_context">unknown</attribute>
    </box>
  </track>
  <track id="6513" label="person">
    <box frame="3" xtl="1045.342942679548" ytl="0.12078552246093466" xbr="1092.9803971642018" ybr="162.3204284667969" outside="0" occluded="0" keyframe="1">
      <attribute name="walking_behavior">unknown</attribute>
      <attribute name="phone_usage">unknown</attribute>
      <attribute name="social_interaction">unknown</attribute>
      <attribute name="carrying_items">unknown</attribute>
      <attribute name="street_behavior">unknown</attribute>
      <attribute name="posture_gesture">unknown</attribute>
      <attribute name="clothing_style">unknown</attribute>
      <attribute name="time_context">unknown</attribute>
    </box>
    <box frame="4" xtl="1028.7144648534113" ytl="1.5818191603920013" xbr="1080.7661347736396" ybr="176.5392928249601" outside="0" occluded="0" keyframe="1">
      <attribute name="walking_behavior">unknown</attribute>
      <attribute name="phone_usage">unknown</attribute>
      <attribute name="social_interaction">unknown</attribute>
      <attribute name="carrying_items">unknown</attribute>
      <attribute name="street_behavior">unknown</attribute>
      <attribute name="posture_gesture">unknown</attribute>
      <attribute name="clothing_style">unknown</attribute>
      <attribute name="time_context">unknown</attribute>
    </box>
    <box frame="5" xtl="1007.9567443526249" ytl="1.1812044443751688" xbr="1064.3391033668856" ybr="187.43630561800668" outside="0" occluded="0" keyframe="1">
      <attribute name="walking_behavior">unknown</attribute>
      <attribute name="phone_usage">unknown</attribute>
      <attribute name="social_interaction">unknown</attribute>
      <attribute name="carrying_items">unknown</attribute>
      <attribute name="street_behavior">unknown</attribute>
      <attribute name="posture_gesture">unknown</attribute>
      <attribute name="clothing_style">unknown</attribute>
      <attribute name="time_context">unknown</attribute>
    </box>
    <box frame="6" xtl="1007.272077025735" ytl="1.5147242281836384" xbr="1065.9026081045001" ybr="190.37001809538447" outside="0" occluded="0" keyframe="1">
      <attribute name="walking_behavior">unknown</attribute>
      <attribute name="phone_usage">unknown</attribute>
      <attribute name="social_interaction">unknown</attribute>
      <attribute name="carrying_items">unknown</attribute>
      <attribute name="street_behavior">unknown</attribute>
      <attribute name="posture_gesture">unknown</attribute>
      <attribute name="clothing_style">unknown</attribute>
      <attribute name="time_context">unknown</attribute>
    </box>
    <box frame="7" xtl="1000.8473890460903" ytl="1.02982539438905" xbr="1061.5550222912182" ybr="192.87255545860899" outside="0" occluded="0" keyframe="1">
      <attribute name="walking_behavior">unknown</attribute>
      <attribute name="phone_usage">unknown</attribute>
      <attribute name="social_interaction">unknown</attribute>
      <attribute name="carrying_items">unknown</attribute>
      <attribute name="street_behavior">unknown</attribute>
      <attribute name="posture_gesture">unknown</attribute>
      <attribute name="clothing_style">unknown</attribute>
      <attribute name="time_context">unknown</attribute>
    </box>
    <box frame="8" xtl="1012.2852832672626" ytl="1.8218066641143764" xbr="1071.6773031925698" ybr="186.13093549534125" outside="0" occluded="0" keyframe="1">
      <attribute name="walking_behavior">unknown</attribute>
      <attribute name="phone_usage">unknown</attribute>
      <attribute name="social_interaction">unknown</attribute>
      <attribute name="carrying_items">unknown</attribute>
      <attribute name="street_behavior">unknown</attribute>
      <attribute name="posture_gesture">unknown</attribute>
      <attribute name="clothing_style">unknown</attribute>
      <attribute name="time_context">unknown</attribute>
    </box>
  </track>
  <track id="6514" label="person">
    <box frame="4" xtl="886.3302574262195" ytl="0.6462249755859375" xbr="972.8720374956555" ybr="116.13129272460938" outside="0" occluded="0" keyframe="1">
      <attribute name="walking_behavior">unknown</attribute>
      <attribute name="phone_usage">unknown</attribute>
      <attribute name="social_interaction">unknown</attribute>
      <attribute name="carrying_items">unknown</attribute>
      <attribute name="street_behavior">unknown</attribute>
      <attribute name="posture_gesture">unknown</attribute>
      <attribute name="clothing_style">unknown</attribute>
      <attribute name="time_context">unknown</attribute>
    </box>
    <box frame="5" xtl="891.7508649015323" ytl="0.31471394402134933" xbr="979.455296315917" ybr="117.69884732687805" outside="0" occluded="0" keyframe="1">
      <attribute name="walking_behavior">unknown</attribute>
      <attribute name="phone_usage">unknown</attribute>
      <attribute name="social_interaction">unknown</attribute>
      <attribute name="carrying_items">unknown</attribute>
      <attribute name="street_behavior">unknown</attribute>
      <attribute name="posture_gesture">unknown</attribute>
      <attribute name="clothing_style">unknown</attribute>
      <attribute name="time_context">unknown</attribute>
    </box>
    <box frame="6" xtl="894.4032093911791" ytl="0.26088589861442557" xbr="982.6919731503908" ybr="118.86329137131366" outside="0" occluded="0" keyframe="1">
      <attribute name="walking_behavior">unknown</attribute>
      <attribute name="phone_usage">unknown</attribute>
      <attribute name="social_interaction">unknown</attribute>
      <attribute name="carrying_items">unknown</attribute>
      <attribute name="street_behavior">unknown</attribute>
      <attribute name="posture_gesture">unknown</attribute>
      <attribute name="clothing_style">unknown</attribute>
      <attribute name="time_context">unknown</attribute>
    </box>
    <box frame="7" xtl="889.4745046149488" ytl="0.5553311220431567" xbr="974.4852271916436" ybr="114.96322337639027" outside="0" occluded="0" keyframe="1">
      <attribute name="walking_behavior">unknown</attribute>
      <attribute name="phone_usage">unknown</attribute>
      <attribute name="social_interaction">unknown</attribute>
      <attribute name="carrying_items">unknown</attribute>
      <attribute name="street_behavior">unknown</attribute>
      <attribute name="posture_gesture">unknown</attribute>
      <attribute name="clothing_style">unknown</attribute>
      <attribute name="time_context">unknown</attribute>
    </box>
  </track>
  <track id="6517" label="person">
    <box frame="10" xtl="8.491323801040203" ytl="0.8546295166015625" xbr="47.21157880210921" ybr="90.21387481689453" outside="0" occluded="0" keyframe="1">
      <attribute name="walking_behavior">unknown</attribute>
      <attribute name="phone_usage">unknown</attribute>
      <attribute name="social_interaction">unknown</attribute>
      <attribute name="carrying_items">unknown</attribute>
      <attribute name="street_behavior">unknown</attribute>
      <attribute name="posture_gesture">unknown</attribute>
      <attribute name="clothing_style">unknown</attribute>
      <attribute name="time_context">unknown</attribute>
    </box>
  </track>
</annotations>
